,label,x,probs
0.1,00110f21da55da7ea4096c345901228f,2,0.696134031
0.2,00446119cb187e68ed5bdd0d523e0dc7,10,0.412796123
0.3,00d4306620fb956f4cb8ea6616da13a3,1,0.999292336
0.4,00f6420b67b3c5b1927922908d32435a,3,0.683791336
0.5,00feb692689d706370ba89503e9ae97e,2,0.998489604
0.6,017a196588bdc93418f4ac63ce2067e9,2,0.250109885
0.7,018817e60a36bae80aec22b8bca51166,4,0.037121044
0.8,02219ee91f6773baa3ded53a9b0e6f94,6,0.231458248
0.9,02257da640a0ad12d418093adf008882,2,0.806839707
0.1,0249eb32e59cced6f8b79e8add943705,1,0.707065088
0.11,024a38705aaeed6b2d873d01381999aa,2,0.485606937
0.12,025f8d52bf0fe507d3355b96f306b99b,3,0.436552164
0.13,027747f65534827e087fdc93a22218cc,2,0.306606534
0.14,02b776fdb9da4034677da7cbea607ea4,1,0.513374034
0.15,02b8577fa3d08085ec120bb2a2106963,1,0.99793377
0.16,02d22cf5cd8f11940eceb737041f682c,2,0.594922373
0.17,02d5622700c05baeefbc5241b2c7aece,1,0.306894335
0.18,02dd75f976cd05e6517f3d4da0a1a415,3,0.458967342
0.19,02e2f53ad22208ea596141447c3d6d3f,3,0.823852932
0.2,02faa7d00a506af8766797f21cf072fb,5,0.516013732
0.21,036a76866e86b2c99baa08edcb5ea322,2,0.999668766
0.22,0389d2ad69091cff04d0dfc1eaa0d3ed,2,0.421758305
0.23,04253dc647212621bdee61fd8d9ea5bd,4,0.260891578
0.24,049a32f07bdf32565e7e21091f16921d,2,0.995289137
0.25,049d6834edf5433d53636cdf6b649099,3,0.999523394
0.26,04bda614501535862dc075997aa31ccd,3,0.995945348
0.27,04d735f1e1f24aaf2993667d392df67d,2,0.60911711
0.28,04ecfad5772d2e09a84a0f5ef460536c,4,0.516549389
0.29,051cd6a0d87e6fa959b21dbb10aab655,2,0.354399849
0.3,052dd561e37945df6d2cdb6e1785b04a,6,0.018281697
0.31,059d10674627ed943fb0a8a151fead23,1,0.998998112
0.32,05b776bf7447dc12f387ef53c3e5dd5c,2,0.326868409
0.33,05db77031ac7b75505568ae4b819521d,2,0.492129943
0.34,05df9cfd9208b6af136b615e904c6206,3,0.35242187
0.35,0606870e7caf9d39f42f23dff84c6190,4,0.718289762
0.36,06076bdb49f8d0dd4cd93d3c70c8de2d,1,0.999324043
0.37,064184b6e2a1c4455b38e2163778c163,1,0.999887801
0.38,064a8d9998f6e3a5c6ac282951299c4e,1,0.99793377
0.39,06bce6cabb0f8adf816389838bd4f00a,2,0.436437554
0.4,06eb32e29df10778b60c49356ef3b5e0,3,0.997869463
0.41,06f825b512d903b9230e1a55d87359ee,4,0.941601607
0.42,070fc272903ae7ea02e3a26448029004,2,0.465817113
0.43,07961a674bd19ce056075fee0ef7b110,2,0.999119384
0.44,07a99e7918bef0410508a6e192b70474,5,0.760797389
0.45,07b272bad289b3175196afb876ba70e7,2,0.60911711
0.46,07eb166d091e1aebe641105881f4f2d3,2,0.763412467
0.47,07f99fb784f40642f9713e217b9008d1,1,0.99793377
0.48,0828a05a1c7df781c40bd498aa257577,7,0.999942168
0.49,088bc2e5228101932e94ad30c2f7b3ec,2,0.60911711
0.5,0893f5bbbc8d21217aa590338706fe49,1,0.334573752
0.51,08b5431746eb07a9f6d51e9568f946b7,4,0.257946043
0.52,08ea090e113aee26f27120cce6d3b299,2,0.60911711
0.53,0915e04afef3abfe12bc628697e48c12,5,0.679898418
0.54,0917bdabab3329e420f1706c3d9573c4,2,0.959719168
0.55,09513a1bc40d9e3302c67bd202be93d7,2,0.485606937
0.56,095dcca0a1cacb655451100eb59c8ef1,7,0.814867278
0.57,095e5f99f51026e841d24a01ba05564f,2,0.342303986
0.58,0a68215864db1a4967d3959d21bd8625,4,0.613368132
0.59,0a9d1ac3bbbd142d870bc546988612c2,3,0.396117022
0.6,0ae5531a9802e71139c959faebdde10c,2,0.560356349
0.61,0b06017e8169c7ce93b22574992470dc,2,0.297666567
0.62,0b14bc545295abb80247367673eb0d6f,3,0.99964724
0.63,0b27c934e508472e1285f41f531d0e17,3,0.210604102
0.64,0b36c352632cb1346cdc7d73f9fb376c,5,0.830762713
0.65,0bac5f15d606e7028d8b7c4481000afb,3,0.440986205
0.66,0c1e821bbb335b3cf77403913588bb19,1,0.999883375
0.67,0c579d21280801f02a641e1608606927,2,0.892096149
0.68,0cae50cc1853c95b09dcde542a99b2ff,1,0.755044274
0.69,0cd8acaf21d7292540e4c9e84cb40e6b,2,0.556186867
0.7,0cfc8e73660dfca13effec101974dd09,8,0.844273537
0.71,0d790c715532d91fa592c9de85e4c705,5,0.781960514
0.72,0d989d155d117292c5198a2ac218a97f,1,0.819141125
0.73,0d98a54c7ff34dca352a3446e615c4a1,3,0.712315687
0.74,0db9c160cd03eccc349d2131ca91b4d8,2,0.996951312
0.75,0dbaf537983c20aa33bdf557ad7ff5f7,3,0.29382156
0.76,0dcaa4f89596268dd359d8b6c0e4e8f2,1,0.999738942
0.77,0dd5a3e67bd26cf4527ded68be442984,3,0.450483304
0.78,0e2e91fba1ca9ed7de2d11ea4786c914,7,0.844274493
0.79,0e4971b9fdfe3044222a19f5b7f167dc,3,0.859911704
0.8,0e542bd2e9ce9817fb1d6fdcf877c98d,2,0.60911711
0.81,0ebdc2e52e35bc62f35833fc9ff0bb90,6,0.704831661
0.82,0f23448b4d1855ee46a6e276074959bb,5,0.53831147
0.83,0f46c35d6629feaffa5e8f4b256e255b,2,0.998867442
0.84,0f5f48d793a468de8ec2131049a25f1e,3,0.816346511
0.85,100fd4c2865a1e60f314c3eb01ec23a1,2,0.60911711
0.86,101ab1c0cf819a3e48e09b3356bb6f3d,1,0.999518499
0.87,103db012b28015f33213b1a8c3164151,2,0.999607719
0.88,104b747159f842223580038683e5dba4,1,0.500820988
0.89,10555a39ee4fd4fe347076bfee86c719,2,0.60911711
0.9,107273e73071282e4d0f4a0b46548da5,10,0.876976477
0.91,1083eb67a7140dca982f34e3968117a3,2,0.999997957
0.92,108e76d8b37fdb245ce1b12cc8078595,1,0.564030986
0.93,10a39249bfb1865c2eae1620440aa396,3,0.48313506
0.94,11387058fbb39071de0107b0fbb8ce28,2,0.359132633
0.95,1150ffee0aeccec6c81efe5c5fd8a2b4,3,0.365175505
0.96,11613f968aafbfa426d896d1dee8a1ed,1,0.442728329
0.97,11b50e80047289f589868d85531954f4,3,0.674736875
0.98,1202aa21cd5e2760ab8e824dfe3f0f5e,2,0.407124646
0.99,123eb5a0b0c94f01e22c265579bd45e0,3,0.807545541
0.1,123fa4546d88beaa1017c112c3c600cc,1,0.725735111
0.101,125f526bf00315a272be1c0499e4efe5,1,0.500820988
0.102,12907bb6f70b2396ab08701c648df068,1,0.278229934
0.103,12b08ff427ff5ed7fddeabcda9cf179a,1,0.998954029
0.104,12fd147c22aaf50c701206d964ba5a28,4,0.039485331
0.105,1313b1c9e9a4988c70898ca07f37c7fe,2,0.774686342
0.106,132c9e3ba58b4d5ec6293a7f200a151a,16,0.558297618
0.107,135189af04f5d908dfc6662f1051e0ec,2,0.228555429
0.108,137757a3c85a803f683cc1bc8dd4f89a,4,0.501716163
0.109,137dc661fa672b506fd805198510edf9,3,0.782703143
0.11,138582e560f2b6967ebb55b6e0838cd0,1,0.500820988
0.111,13d02b2913280eb6e30d7edd5517143f,3,0.438552046
0.112,14a0e05106135e35f3516fe52964651f,5,0.999997957
0.113,14ae0a6734d52b15fc7bc7bc36fd0b23,1,0.999854821
0.114,14bdd0eee7d97818c38a3a57828bcde7,1,0.999581527
0.115,150cd7168612739c827d01f56101c5f1,2,0.718825674
0.116,1583d8af9fd9cb078f88c0e1a8b8a888,2,0.669289221
0.117,159670de120f961b11597b22ba56ea62,2,0.363850378
0.118,160af55c0f68a749cce75c006c651a61,1,0.999642756
0.119,16ed9c17e8158200047c0b684dab124a,2,0.314272256
0.12,1729e0aab50e2484ff568a2d288b1b76,8,0.824059196
0.121,177d2176a3368f43cc132f9e34a9405c,1,0.99793377
0.122,1796900dae285413be92f955fa8e18e6,2,0.794745411
0.123,17dab5188092912f7813dfc04887af92,3,0.996152935
0.124,17db15d0066907cfd1a0a2a646cddba4,2,0.252106939
0.125,17de8894ca7813c829a73d0404bb66c9,2,0.485606937
0.126,1819205b09f047f9390d76b372650cc0,1,0.600152621
0.127,182bb0ae69d9b451fda7ceb8d8d3cd9e,3,0.999401816
0.128,1856f287b0dee9eb8adacf1161fc49f0,2,0.999206475
0.129,18b570f2d50428349a21f7a89921b2a0,1,0.99793377
0.13,18ef75eee9788698c085a5e48aa17e9d,1,0.679633378
0.131,1982dc3a5fa4b052c924aca75a9f1ea1,2,0.485606937
0.132,19cffc38624e174bb12a2c89e33db2e5,2,0.421866175
0.133,19d7599ec1ddec367f33e03fe6ee6f08,2,0.999050691
0.134,19e6edde9f8ea56d508870920afca281,3,0.996499566
0.135,1a52a935e84aa464ee970d2b5564e385,1,0.999662256
0.136,1a56ad3ec2b87cfbeaba8976be08b4b9,1,0.999997957
0.137,1aa45332969575442e0a457ef371669d,2,0.775443673
0.138,1b046c7178f986b55b153317e889b015,1,0.500820988
0.139,1b41f15408c9065eddd877a379aedba6,3,0.444840821
0.14,1bccea8882fb44e316fa3626a2062514,1,0.99793377
0.141,1c2b8892a0d7f828d72808cd01cfd199,2,0.999997957
0.142,1d3d2c125c26983a823b094c80181325,4,0.378025135
0.143,1d5a0f10d2e5af1c79e69784d6380bc6,2,0.997042039
0.144,1d90c4f5f550cf988af969ccf2a7b7a9,2,0.321764244
0.145,1d977801118baba51569d3ce9fff7f29,3,0.815486209
0.146,1d9c1079cd04728fa4653fce74571460,2,0.787693231
0.147,1e058ddc2cae34386e342539b49ecf3d,8,0.837669488
0.148,1e104b993416995498346089f57fd3bf,2,0.424362501
0.149,1e284eb6ad387193528e72c39c1d4225,4,0.257946043
0.15,1e363e2cc25edecbed528fc4aeef8cf3,1,0.99793377
0.151,1e3a3f6df1b11cf0827dc6f98b7d9d15,8,0.824059742
0.152,1e5252f7f059d825508ebf3880dffd92,4,0.788870401
0.153,1e6c023bbd7769a702c56063777fb587,2,0.999530605
0.154,1ef6c36559c805ff181fe28b73a100d1,1,0.999521935
0.155,1f757ac40bce89adb80d30c2c35ed936,4,0.802153226
0.156,1fa42aed58e13121d915ab9f79994959,3,0.487122501
0.157,1fd6bc25da83cd0fb75d720b1011c0ba,4,0.735654567
0.158,1ffac5cb9ccfd3fa52f5c50734eb9620,2,0.321764244
0.159,20ada5c0fa2722151f9039d1896592e8,3,0.363361526
0.16,2111b63fe55c7e1e213729c4f3efb783,2,0.485606937
0.161,211b7bfb480d7e0ba8224a99279d1055,2,0.485606937
0.162,2130278dae9e28e1aea217ba3f466ff0,1,0.999746157
0.163,2190dbbf36ecbe4bc58d62a9799c4c80,4,0.745664971
0.164,219a620aa72de55cbcdf5d38d6b93f86,1,0.999766833
0.165,21b3707a592c1022a9595c1bcf7e710a,2,0.621442696
0.166,21bdb6c8cb7ed339792d39838ea86d08,2,0.999691658
0.167,21d05aac8070d05f493325ca352fde48,3,0.764541912
0.168,221565ae00c8151412cab61df4b6d626,2,0.228555429
0.169,22a4f5824c63f29d5b678d9184280316,1,0.998268535
0.17,2330975293dd112e2caa918b119546b0,3,0.999524074
0.171,2385de7fae2f46cd967304ba322e587b,1,0.999997957
0.172,23b28e8574b4ae116edb4e762b76b026,2,0.99793377
0.173,24492b26b330694be229985e93a64a1c,1,0.998662131
0.174,2461a8cf82261ae32270bfb8a9e60b2e,1,0.59611202
0.175,2487be9a71aec0f5ede277ff33dc8d7e,2,0.999899491
0.176,24da9965596029aa029721dcd80eb809,2,0.468629907
0.177,257f790f9d20c7c657d25988c462a1a9,1,0.999170052
0.178,25c9884cd991eb1695f6a20546b4a231,2,0.999997957
0.179,25cb02fb17426d878afd69a79572b858,2,0.809471823
0.18,25d1fe5cd89c92d53471e14997b745b6,2,0.485606937
0.181,25f04badce1a4338a0d023d64b616ebd,2,0.614436553
0.182,260c36b625d89642c449345c7ed8ed74,2,0.643765514
0.183,26b509d58dbb1e3946a77eb0aa0a7d65,2,0.998771595
0.184,270a8dbcc0435ebb88d5282e8769e809,1,0.334573752
0.185,2740cf2417c92847cc298cbd71dd1fcd,4,0.999997957
0.186,27499ccc2483578d9a1a600e8ce217fc,2,0.777068687
0.187,275189191f11e08f2de2543186de8742,1,0.99793377
0.188,27af011f1ebcc0867bb168193e6a9d27,2,0.825046261
0.189,27c7baf02d6ba15f77c56b6acb9434c0,2,0.359132633
0.19,282d970c7e74112691085e63921dbcfd,1,0.730813414
0.191,283a0d4ab64b21d54a84df3683fc17bb,2,0.532757725
0.192,285bfcf58e6f5f2669ba8a2efb4ed898,3,0.363361526
0.193,28dfbb2860b59b80872980ef1d639d1f,2,0.837539657
0.194,2956b017865cff0f02d0fd06888af917,2,0.981356824
0.195,2956c7ae801953a540aef6908540a248,1,0.999392151
0.196,29731c1ae123c2faa2b4184d96385388,6,0.69375942
0.197,2996005ba3cbbcf3ada0434e58728c0d,9,0.719837102
0.198,29b2870e522fa2d0b60ae25278a57c5b,3,0.692426839
0.199,29b97bd9be5c950ed8208b54af659492,2,0.998795567
0.2,29f3083d2d8f993bec5a67e7af219321,1,0.999997957
0.201,2a268b99bd2241d53bc064243edaeb2b,1,0.504124764
0.202,2a3f7603d35a7989de27b919b383bdf3,2,0.996623641
0.203,2a4cce6b4a3c3f56bb036b5e791c9e2d,1,0.99793377
0.204,2a534bd7bb86e3a5f771a3fc46ab5279,2,0.321764244
0.205,2a9d9528a14d1cfb5eb94935eb4df808,3,0.976637527
0.206,2abfab9817afb707933e5f0b9cf0b480,2,0.99793377
0.207,2ade5940a60a27c300efb4f8d7473a2f,2,0.365848931
0.208,2aee17e668dd944e7792d625ec479fcf,1,0.999184717
0.209,2afe75da4d5261f2f2d57994aeba8eb4,1,0.479541263
0.21,2b1891e2ae6cc99e8415227872225684,2,0.999148725
0.211,2b4e6ccd11a78681bceaffed2053907f,3,0.443474299
0.212,2b589c1afa093e3071af66bee720ccb7,3,0.315802236
0.213,2baee2fe6e0c8b167714b3cc09412422,3,0.999854768
0.214,2be63c0b1b9e38feebf050b4d6be84c4,6,0.556761488
0.215,2bff9d064192234b5ee919c9ed5c39cb,2,0.999311332
0.216,2c070f4880cc78c48ec292dd9c89b597,2,0.775595404
0.217,2c079e24dc2f522c954ee445ac382624,3,0.803305546
0.218,2c4e27bb1e437307246adc9b6578d93b,1,0.509541252
0.219,2c708ac3c43caa38afb4d3a2c2627a79,7,0.676190891
0.22,2cb26ebde80674cb61456ed2a745fcce,1,0.500820988
0.221,2cbae23f14af7a963b78d65269f4e0c1,3,0.461095298
0.222,2cd465b2e1912842aaa424ae4ac8b62f,1,0.999942579
0.223,2cdd1395fd61eaf7809f1eccbd23398f,7,0.047925882
0.224,2cf136e329d61d8a6ed220972853b3a8,2,0.60911711
0.225,2d10749ddd1c7b8ad5d0cac99d951678,1,0.999422382
0.226,2d22f566e3c47113518692cc7793cef6,1,0.999851772
0.227,2da31e61296f678bb466e1ae0593e33d,1,0.99793377
0.228,2da7fcfea71e00b8a0e9eb5bc462f812,1,0.999824044
0.229,2daddded3a6db730de1071c43b7feb0c,2,0.999823755
0.23,2dd9a81f0dd4c6bac998196fce1c914a,1,0.99931622
0.231,2de82dd0eab4d748bd5212f97debae1d,6,0.717547705
0.232,2e0d5aa5dfe9a5326f50bb114d95978e,4,0.495889613
0.233,2e62f39d6a7c47247244e3d243283855,1,0.999941148
0.234,2e86468e5c846809ca161859fca3d8e2,3,0.728219399
0.235,2eee3fb310f795224eebde0a1d3c518c,2,0.684865026
0.236,2efeefa368b3f24a6a93a1c42336d94b,2,0.412709287
0.237,2fbe9ba0ff3cd085f6657caf84a257af,1,0.996542902
0.238,2fce9bb5a6eaaa78bd65eda411434502,5,0.999245356
0.239,2fcf4b575901d3f1184884f4b4319d2c,3,0.746695711
0.24,302143e5253b0dff338e0debf9c95bf9,1,0.59689685
0.241,303ff181f350bdf1c68e014617105f70,4,0.837350879
0.242,304d1a8fe851969c2eb82c85f9f88c11,2,0.748723341
0.243,315b46d0b5201f95c010255f90960eda,1,0.99793377
0.244,315d802ddeb90bf3967f3be2088d64f5,3,0.42612794
0.245,317999165c74566a95b22617a6932402,2,0.995513565
0.246,319ff0b1a44d0cb0b7b399ae4ef15388,2,0.60911711
0.247,31a880c84a33e2610de7c725e96b0076,1,0.998464347
0.248,31b23df96901a1bd5e1959c8ef4e0331,2,0.999997957
0.249,323e559473b0f1ae7b6c063c047e4e64,2,0.998778441
0.25,32bc3773b69e4b8e424ddfac692c8d39,10,0.667164462
0.251,32e04ba26e0b88f3a69b8953b7914d73,5,0.656027087
0.252,32e30248db2c06b7189065b8f63c0792,7,0.634639285
0.253,33036d95db3cb15dfa681dbd231b7213,5,0.270886065
0.254,33295f1846cff2bf9c88e15798fbc91d,9,0.844274481
0.255,33b560896ecff3aef2cbf7ea90a7fc68,2,0.60911711
0.256,33bf8232ee3846b9ad6cfa9bf91ec1a0,2,0.60911711
0.257,33ffc4a38b45a96a5ff850b1df008a31,3,0.997813846
0.258,34327ad682b105ca4607c44af24c5dd2,3,0.432896541
0.259,343e41aab8029107a2e44dd715cded99,2,0.634264381
0.26,34469928bdf46b7588e7e4304981dad5,5,0.99704613
0.261,344b7cd3d03900be1ba404d93cc46f48,2,0.631975403
0.262,347716bb5136891ef74d6eb5d119e41a,2,0.31102654
0.263,34b262693d693a0cbf5d81d87ea6cdc3,3,0.707093394
0.264,34e6b7e14c4b6551d040850edde7ef2d,1,0.999172259
0.265,3501d03f4da902cab194448b80dbcb86,2,0.680767627
0.266,3508ce9652323f959b7f0f03417ca416,2,0.810997545
0.267,350ec09615f4a13dd3df3b8977a373b8,4,0.790139678
0.268,35809a9f35c5d83b5a3d2cc2e00d2bfd,1,0.500820988
0.269,35f4c17e4c8b4386d281ae037849fd70,3,0.821398396
0.27,3677caebf0c814cb24c04d44f7b7a66f,2,0.60911711
0.271,368456f83a5a92635772449b3a6f9d32,4,0.689095664
0.272,36dae39c87c9e05e2a808f08e5b671ce,1,0.243286857
0.273,36e8fc39e78c11a61d1d6412c754e1a9,3,0.65499819
0.274,372541f0d98386da9165cb9e12c6595f,2,0.41781807
0.275,373b841ae26b5cc50d1d1cac81dcce81,2,0.485606937
0.276,37651f9e95b9265f86cd3399a9ad917b,1,0.564030986
0.277,37762c5e9b1d5a5233d6caeef3660d6a,1,0.511224456
0.278,37fea9159f64f7a2eb43eb3088b5c46a,4,0.520247217
0.279,385a1bda261c9089110e15b5468dea2b,2,0.382410507
0.28,38c27ceaed634984c1225a82648cf571,5,0.841546754
0.281,38fbc81ec9bf18877ea49e56987d37b9,5,0.647480121
0.282,39986346b95627054f6d759b856ea132,3,0.838092772
0.283,39d96ded98b9db72e5ce5de3df737669,4,0.447186722
0.284,3a2b3b254db14cca773947ac4f5629e2,5,0.267663172
0.285,3a73d7870cdd4a2baaf0444deff9113a,1,0.564030986
0.286,3a84a2929aea404462b395d009df3133,1,0.292362596
0.287,3a9f2b1766d284df4717916b1b285a26,1,0.437078463
0.288,3ac96269e787a3355de2837ef3d3bd46,2,0.252106939
0.289,3b0cde9732094b4093f336fd2c828813,3,0.400847403
0.29,3b170b4aea212c1470598e0d3d103288,3,0.806230726
0.291,3b19697af6268cb40e863240e5d55a83,2,0.99793377
0.292,3b6fd7be1d9b5827f77b4942a55be2e3,2,0.529810606
0.293,3bb0bf5132b0f988573de9bd6059b22c,2,0.844221173
0.294,3bd6fdfad45f44afe39ad510b76da450,1,0.334573752
0.295,3c268807febf4b5eb7c6efaa75d3ada5,2,0.35452153
0.296,3c533d8c181d7378b3669c4b5322c6e6,3,0.668041681
0.297,3c713bd83dcd5cd51844b7dd89af34a2,2,0.704967774
0.298,3c8a9630951999d2b809868618b05848,2,0.764368794
0.299,3cf9109295c4ca660c5425a2a2dc1070,3,0.823855485
0.3,3d2961d34551d101a985e74adfc1e128,2,0.77551285
0.301,3d3b8456f25a94a5fb654d950d89ff7a,4,0.379287546
0.302,3d78b85ab87deb6f41c86b231f0b91ef,2,0.997893613
0.303,3dbf66ee7707a9c91038139380697b07,4,0.709515491
0.304,3e5cc4006667756b128e551a166d5861,4,0.999589468
0.305,3e6472c1868fd08db580abd3edfbfc32,1,0.99793377
0.306,3e6e38c8c286c2f11439a435e2dfe3aa,2,0.60911711
0.307,3eeb4a6278652363d350b5391ebeb470,2,0.844221173
0.308,3eef12286c142030d497dc480cc49332,4,0.801950594
0.309,3f456a18968cea5c5e549e281f0f5808,1,0.999997957
0.31,3f92afd2e36e3e6c2093a693040a2b34,4,0.804809023
0.311,3fa2974b1f70109275811beb1ae321c9,3,0.999585236
0.312,3fc227a79c6a108319409a05f87103f3,1,0.999322299
0.313,3fcbed60e027b1785fcf40d12e8b2cb2,2,0.112927016
0.314,3fd58e40fddcf75c19304fdc369bb819,2,0.385044872
0.315,3fec7111a2c9db0a8a26836e192eb914,3,0.999652013
0.316,3ffd9a911c8c03052764babf56ff5031,2,0.99793377
0.317,40bc287ff23eb4823533048f648b38c4,1,0.999965406
0.318,4112eeace57200636aefa80277a9968b,2,0.816267306
0.319,413c0dfd8a273b37417b4d05e9d73432,2,0.412508809
0.32,4159eebd7922cdff39ef22d4bdc45d85,1,0.564030986
0.321,4287f9128329cdf3a30826b67cc0126c,2,0.60911711
0.322,42e1e05829e59f225d531ecfe2a16a4f,1,0.629405435
0.323,43baaa1588e5409150cd37aff3133ce3,1,0.999581588
0.324,440916c4432f28a7c9c8047d22786011,2,0.999997957
0.325,4426cf6ac1c4cb65f4fddafd2d57c8bc,1,0.998976691
0.326,445f98e38592a3e1094e9db4d310c454,8,0.837590186
0.327,447023104dcb7d5c3d534c49ba8e1189,2,0.821019176
0.328,448bf8d4cf16bf68c5e29386f619e94f,4,0.503723351
0.329,448d1e99340ae7dc4ab1f4ed173910dd,2,0.715762086
0.33,448ee48054e6edfd36e703a6baecc8a8,8,0.831297683
0.331,448ef3635f709dd9b30452381bb96a27,3,0.319252065
0.332,44e2d51add7c6c01a33597564307aeeb,2,0.999249744
0.333,45004ffedc310c92545b75a819a061e1,3,0.814061304
0.334,453c5a642c22194a8b03c44aa62484d3,2,0.396429458
0.335,455219eeb206cd432bf64f51159e0b4c,4,0.786857891
0.336,45796f7b831941fc31c5d50f4610686a,1,0.986835619
0.337,4595265dcf431c86827f5bc857fe71df,1,0.999388203
0.338,463fd7d87b0ddd0b6baf70ce9e582601,4,0.825468888
0.339,46687d40225b5cc67ba9bfd4f0fce2b6,2,0.321764244
0.34,469147d016117afa69e22bd7628b987a,2,0.252106939
0.341,46edd9a681a1c394007859666f76d477,2,0.999933099
0.342,46f724875465913d01433c54752d6560,2,0.997845001
0.343,4702d3f7b433742498e70b85767d9cb9,2,0.633866988
0.344,472bee475fc44e0e89eaba7c5261ff70,2,0.403075993
0.345,4744c03db226d903293f9342f292e94d,3,0.679934941
0.346,474f1265e221464d520a3113ba0b3be2,1,0.994091059
0.347,47a20960d0204a1f9909d1eb4812f832,4,0.3636481
0.348,47a21116588597c7040f637a39847d10,3,0.363361526
0.349,47a9d10e32ffbceb163e240b65825d7e,2,0.816100046
0.35,47bd6a5655c663b84cfeeeeec9cace9b,3,0.649595845
0.351,4800a9c596272fb238a316d893b0871e,3,0.396117022
0.352,48284ac2b98114ac7484ec4fc3dea8d2,8,0.214858153
0.353,486452de61912c3cb9459126b57b31b7,3,0.432896541
0.354,488421b66603990416e2258a9c04b22f,2,0.76625512
0.355,48ad9b5bbf12b65767448b349b7c6ca6,3,0.467746687
0.356,495619e6c51e1e0955975577268afaf7,2,0.392132342
0.357,495722f0652fb36c290052e0f63433f0,1,0.999489963
0.358,4964f339e90a20437a19d7ec3bcd8a1a,4,0.577451823
0.359,4980f885d154b266e878018646226be3,1,0.999385134
0.36,498fdde1000cba1b100a95dcad6a2d32,1,0.651347408
0.361,4991ef59335e1c322d13a96a5f0589f3,2,0.999299593
0.362,49ab3d80ad7c93084ddedfcd68367a6e,2,0.55070054
0.363,49d8a370dc2640ebf0caeedcf2871b75,1,0.99890936
0.364,4a0b292ba716582f9af46694458c0b9b,2,0.998699272
0.365,4a68df22f17735a23cb8eb6b7f113c68,2,0.996771926
0.366,4a8ac631be7abcf7ee56a31ab3a0643d,1,0.47610186
0.367,4ae61e8b1810f707ba7bb153b7347d84,5,0.998739754
0.368,4aee044bee666c8984a0718a6ca2f3ec,2,0.844274399
0.369,4b04c904a782b37ce632c64a6d1212f5,4,0.381942197
0.37,4b44738b81a28c54231860ab126ec6a9,2,0.359076659
0.371,4b77fdaf451fbe8ee04fc081c32aa0c5,1,0.998833057
0.372,4bb3be54d5ebb01d004d4865e2a4c2d3,2,0.720494537
0.373,4bd1bf5ab58039b778e18136f3ed1296,2,0.60911711
0.374,4c0ddc6b69cf809a746ddd5d25c4bbc4,2,0.80281337
0.375,4c321b0d373d74c894fd1f599dad37dc,10,0.828976967
0.376,4c4c10c63cab2f17510c4a97e86aa785,3,0.998857614
0.377,4c6613e245dbf4170060c48b3583214a,3,0.798345136
0.378,4c7029e9e6c0202a448b8725abb0ff76,3,0.400847403
0.379,4c82b27b8184422df238ca8f39689792,5,0.829996225
0.38,4cfe5b5468150f8a54cf003ea4c15603,6,0.665218474
0.381,4d4cc8280a545d0cdccd145d2b075347,2,0.418982176
0.382,4d5467aeaa75e026c74956f5af397574,2,0.60911711
0.383,4d65f65496c3d0238ebf74738245e526,2,0.450599708
0.384,4d699b85fb27ee71fc6383ed36e50120,5,0.267644465
0.385,4da1ab0190b065b4136bce78f2a475b7,3,0.809976861
0.386,4ddd44b0c053adb5104dae87ab4cd0c0,3,0.081313448
0.387,4de8d47ac247be37e6a12c31e647b455,4,0.627833544
0.388,4e1ccbd2b7194a41a5b6225da1509fdf,4,0.754859195
0.389,4e6488dfc93f2eefe477c4511d0e8a49,2,0.999997957
0.39,4e88579530afedc3ba64c33a96a9e9d6,2,0.380337352
0.391,4ebb85e7d898d757f519ee1ff90a7a9a,2,0.633866988
0.392,4ef19fc863b7ff2cd97e5007547ddf7a,1,0.76470903
0.393,4f3da359187d2df21d542ae6d0748757,8,0.45343117
0.394,4f9298e2f05a5248fcaca0636d0b0aeb,2,0.619324899
0.395,4f93fd0cf1762906b090be23420d8467,2,0.725436355
0.396,4ff075fa26b4602e5344a9c04b744578,2,0.60911711
0.397,5017f5a187b847fff2a737be3c1f4152,6,0.999650027
0.398,503011fd395b43c652c0ad7bb3a0f31e,2,0.982225837
0.399,508e4d4db7e2c0220a19fafa294e0670,2,0.427988313
0.4,50a23baa4353749c5c4c45097720092e,2,0.60911711
0.401,50ab5f1fefcd2744b6fb5023092c79a7,2,0.844274489
0.402,50b238895e7cf043052350b70b57a862,3,0.685406085
0.403,50db42495de3aa6b40560c8c73e032d5,3,0.848424331
0.404,50f2023498cabd4936f40cd679ad1f7c,2,0.99946885
0.405,514a6f47fce761ef9f33c737ddb449af,8,0.837603108
0.406,5183d97b2862d0ab4cacfd081ab5d0fe,1,0.99908318
0.407,51e326365a38405963bf8d86a3fe4414,2,0.586323063
0.408,51f4c35dae87405ca7740f9b1ac3ed3f,3,0.999821532
0.409,520c7e89d0c7c72e7d85eed29aaedb70,1,0.334573752
0.41,52155dc12a303502abf70716c795987d,2,0.379109285
0.411,5251f7163f625654bf50cecebf7cc201,2,0.706732845
0.412,529768d439b63fc1fd2991f7c6ea2071,2,0.696135201
0.413,52e8b0f6e05e11b48f886a428f8ba014,4,0.408127064
0.414,5312932685fa537dca8e7ff3aae5c263,1,0.808966682
0.415,5347df9996d0fe24d0ec09c397562e2d,2,0.60911711
0.416,53917fa8acf5a128ca006e564d371f77,2,0.99793377
0.417,53a7a37e2eaf51d5e4b53d03edeb116c,1,0.99793377
0.418,53abb4be9539ab7a4ccca1f296dda429,2,0.218859664
0.419,53fad28d1b848930e35f2c2ebcc7d4ef,2,0.464204262
0.42,541d3f1cb68766feffcecf33d968a709,2,0.846543746
0.421,5553d7d93674e7d9a424dd8f8b28d04a,2,0.606304589
0.422,556f09daa5a50f7e7acb606a78eeea51,1,0.639317963
0.423,55b238b944275a16d41e7399b13dfa15,2,0.60911711
0.424,55b865825ed576dbb803fa419c880ca7,2,0.362319818
0.425,55ce73379b753a6d229a4febc0b1362d,2,0.855495557
0.426,562255c8f038bc8a0150d9ee9540b94e,2,0.321764244
0.427,562ea8faf92f1c4d7ac2b4836fd2c62b,2,0.999626727
0.428,5641483e565ce6726a2e9445d52ea64b,2,0.547888312
0.429,5648dccee530d68ceb3e4d7d22cf8756,6,0.81794778
0.43,56bc9f369fcdaac3138a359ab8bc49fe,2,0.321764244
0.431,57053ea489d7b0fd83d4a64c4d1f8a36,2,0.60911711
0.432,573091d7ddd85f9c5f14a7e53d2ba0bf,2,0.640422584
0.433,573b9dcded8222dc5a6534bb2fbeeb7b,3,0.422599784
0.434,574c6183880beb67b3c640d409b9ef6b,2,0.636643948
0.435,57b9578b2aee681f433329f34b06cd55,4,0.257946043
0.436,5815b9bf9d8b64a6ba7673bfdcff225f,2,0.769598655
0.437,584dbd9cf4b609aecf37caf15ee9ebab,2,0.830633991
0.438,58a9a501230a08491f94325868b26299,4,0.816674017
0.439,58f3e7e801070870f03f491e897b1ff8,2,0.505953245
0.44,5914e4ffa20a5fa0b95bf68e5c9777b6,2,0.359132633
0.441,592e7630b2e58f0bcb2a3f9cccb07ceb,10,0.660276576
0.442,59a4a1cac97a77d928e42ceef7282892,2,0.837690304
0.443,59b320be4c8efc3c21ba0174af8a9bed,2,0.60911711
0.444,5a18ff3f958b1f4490e987fc0193ae25,2,0.986651191
0.445,5a1c79171505e30cd09a2aea1f26182c,4,0.257946043
0.446,5a8cd179a7733dc2e6aed219b65fa483,3,0.99966769
0.447,5a9f87c5476efe731293162abb4246a0,10,0.817335301
0.448,5aad5881139a653bc5964f1d88d7aaee,4,0.809945537
0.449,5afc2a9c279a0e72cb96fb88e116f994,2,0.999997957
0.45,5b328106196bf21a3329ee24296278b0,5,0.824197924
0.451,5b329b2e4eafa6ae3f9677c480702e10,1,0.996391353
0.452,5baf6c8c6c5e4668663a09bc7f34981e,4,0.65901032
0.453,5c02db55b833d8768e6e2a54bedcbaeb,1,0.99793377
0.454,5c21f017407dbb74aea300b42e85dd30,1,0.999854391
0.455,5c52f1a4b6e7faeb5c9ccbc1191ffa9f,4,0.559153084
0.456,5c63267c4d1900e74efd16df213b9182,3,0.519162891
0.457,5cd507703e9fc34f04012aadac541c31,2,0.768762259
0.458,5cfee72a07e44d8e0251088fcdea05a0,3,0.833978013
0.459,5d2c9452d990a7f54133f647bd0461da,5,0.561157666
0.46,5d2c9965718d1254c00a642f570eb604,1,0.99793377
0.461,5d3efcd569a030fe50dce0cbf72c6d5e,4,0.797927312
0.462,5d471679671f124517f5f7645de1bcd4,1,0.721966728
0.463,5d622814f77cf33ef91d365003c81b19,1,0.99793377
0.464,5d9842e138915f5f6e05a9b5ec5bfa19,2,0.60911711
0.465,5e78470590a82783fdfaaac8074a6710,6,0.644753621
0.466,5ec7485582e96e450b0c65c431780a11,2,0.938397888
0.467,5ed8f8f3a98e669d81b30c56825e0870,1,0.999126487
0.468,5ef0d3c4ed4efcfa1d844a18c6d5205f,2,0.711299973
0.469,5f16759a7e18d2e6aac4693c49d4bd74,2,0.640425338
0.47,5f810e2d4b90cd58becb8ac1a3697a01,1,0.99793377
0.471,5fbb8d16aa790e4cda6e53d9870c4656,3,0.594261768
0.472,5fcc50b61679422c5dfa184dd5c9c0c0,2,0.60911711
0.473,6005f05ad488db7b9deb3bc43d62f049,3,0.99892869
0.474,6070669b932f1826dc8b8e61495fd27c,1,0.99793377
0.475,60828e70a7f4f35c0badbbf562c86621,6,0.013029519
0.476,6096338ca59b7f4fb43d00a9fd04c4a5,2,0.770270875
0.477,60eaa9f214546c4e08482a47602c0253,3,0.311983855
0.478,611547ee43640c5f07fde33452c4c259,10,0.835563022
0.479,61412265e487b6f3eb398196bde48b48,2,0.706480765
0.48,615cba9e858aae01c17dbb9ecec01937,4,0.032383503
0.481,617cb277a5446b0addd78f0d2b9eddbb,2,0.60911711
0.482,61d96b86c674ec6276984c9be7a81efc,1,0.803216336
0.483,621bd61ab74fa9a5292f28022797452a,3,0.432896541
0.484,6220f46dbb714cac2cccd97375e88288,1,0.99793377
0.485,6236cf974db27b1f73d5566646d55a90,4,0.408127064
0.486,6254434493716f3e8a33ca02a548fb6d,1,0.312984972
0.487,6267512d7ea98a0da430e5a6f96698e6,1,0.999997957
0.488,62a845538d745dad19f77539227b3d83,3,0.464599426
0.489,6310bd545c25bc818bce75d76bc259a1,2,0.99793377
0.49,63413adbe8227f80412e824dffac1f5a,2,0.355880836
0.491,63589e0ca58068c56b69af98b76e3307,2,0.42171369
0.492,6376ea6dab7d0fde3cd66f53b57e1484,5,0.816996178
0.493,63ca8bcdb724cbcdcc7d329b84d66d85,9,0.823863113
0.494,64223c9ef560d611f5b9e7e5e78eb7ff,1,0.997322722
0.495,64af1c83990b9f14ebe88b49c18e5fe9,2,0.378031547
0.496,64edc344889f4279a1292afbe81dc043,1,0.999020134
0.497,654d0e0f35503e1362f67ff19aec5dfc,3,0.462984243
0.498,65a75a16ddf0882daec9e72eea3aa180,2,0.99906078
0.499,65cbde35be4b643161cb322736885be0,1,0.243286857
0.5,65d059516da211826e7dc4c8c7eddd16,2,0.844274493
0.501,65d43491988bfe557da4d86a5ba25dae,6,0.765142984
0.502,65d4a29988b0465fa9ee8685ba0582db,2,0.99793377
0.503,65d6257bb5fbf7cb975c10b64eca3829,2,0.9952204
0.504,65ddf28a02dfa6420e02995ab789ce3b,2,0.67433309
0.505,6650e53404090b74619be81139104295,2,0.834669994
0.506,66804a3c3e40f8572119e3c624478909,5,0.294347274
0.507,66b2dba55cb4870fa014fc0ad450b547,8,0.844273537
0.508,6746df21508782ff9e2f7d8e4fb1ecb6,4,0.260891578
0.509,67a2ba3ee0bc2032439721b8127d1b6d,3,0.596101813
0.51,67dab9714532e2e5809db3032111ff86,1,0.992523834
0.511,680a50c1257b1f625387c1f5eac1f8f7,3,0.49502942
0.512,68262884f1021c896f8e1bf7348d773c,5,0.844274486
0.513,6831965db189b84d62550d3fc7ac3362,4,0.379287546
0.514,687d35fcceb1b41532cb5a1b39978810,2,0.980610998
0.515,687e1d94d2bfc46843a21e7706df067e,2,0.975106143
0.516,68ebe5113cf8a40a8f7c26059627e786,2,0.999643184
0.517,68f67af70cdf3f708db017f65899cc1d,3,0.78480378
0.518,695261201aac8d5f147674e275b4dc18,2,0.592747275
0.519,6989211ae71ecfc428e4cb387830427a,4,0.44460237
0.52,6995356ff4bd70b64de6534de6e62b9e,2,0.999764131
0.521,69ea7bf023c94c0e9e322cf8722862e4,2,0.43452531
0.522,6a159ce5ca45e69c8603fedc26103dd9,4,0.999884156
0.523,6a47bbb25aff1e6554baa5611368c0a4,3,0.999270373
0.524,6a679587c40215f64acb6b0231b57581,2,0.999592326
0.525,6abaf4fc69e5fbd76f35e006662629a4,2,0.550180053
0.526,6ac231137f25622f626b312b1542d0f5,1,0.999883377
0.527,6ad9fbdb20e2a24601fa627226e669ff,9,0.816784387
0.528,6b00ebe23988d37fa2efcd223206002a,3,0.304835886
0.529,6b4ca784566669a9a71943381df2c51e,2,0.999352721
0.53,6b6a251e1a27d42d1f9c86164776e619,4,0.408127064
0.531,6b71b87887b207afad35025aa99fffd2,2,0.433674681
0.532,6b94959874b693c3304e68c57cefd287,1,0.999451844
0.533,6bd4d5b61cc05486913af0cc23381e54,3,0.453271522
0.534,6bd9b5480d158d8c54074dd5e80bf84a,2,0.457385438
0.535,6c2acf748051e7947aa4d89ff6d1bd2c,4,0.519695666
0.536,6c5f4144f390fce344fcab88a797638a,1,0.999531642
0.537,6c6209f5f79a7be45964b4d69599d1de,1,0.999263214
0.538,6c7f629c12f2bd149e9cc0dcecf9aa4e,2,0.60911711
0.539,6cc504ebbfc8de17f47b826e1a388f8a,1,0.999997957
0.54,6cd521d4f7f2f49c4c86e06f49e576d8,2,0.999703721
0.541,6cf800ba523e41ee16505796763eee3f,2,0.837649485
0.542,6d1e98d3f832801fd27dce78c4d623e2,1,0.62682225
0.543,6daaa6b7c7dc9582224e92c5d7d47c5d,3,0.432896541
0.544,6db3abf08aabebb8056ba6799caa9048,2,0.681641466
0.545,6dbcac935416e6abf7de146d2c3480d8,2,0.60911711
0.546,6dd32ad1c497c77834204b943bc5d891,3,0.718385504
0.547,6df95b4c8ba293fded6976aacf45572e,3,0.999997957
0.548,6e346543816601be842cca3955c5135d,2,0.493340904
0.549,6e6f306a337ba255a7f4a7f8469ff691,4,0.039116881
0.55,6e6f4d1ea594ee839ee0d1d081a0cd5b,2,0.72809264
0.551,6edbfef7e572d7fa753fd1ffb551467b,4,0.827666592
0.552,6f41b773d32a0a7cb97429d03cfc5578,2,0.998834098
0.553,6fbb2af303cc164f21ac0e704e965dc5,2,0.99793377
0.554,70187a4d921d345ebe25dc1eed32a423,1,0.999098981
0.555,705df1f2043b0f52e695812e5fea7b10,2,0.819241776
0.556,705e5a5b929be7a7acfda7721bb4b79c,3,0.999401603
0.557,709be4782332e3ad904b1d2c3eda63ee,9,0.535051942
0.558,70a47616ac4937a11cd1ae7809f4a6ac,6,0.585353846
0.559,70f086828189cd2b21299d41e077a74a,4,0.368061595
0.56,710dab4db94586d934436dc307f766c9,4,0.239782855
0.561,713792a64c8973078a6a493a92579ddf,3,0.175648107
0.562,71cf85af46b35d9b9f81421110d1804e,2,0.402657119
0.563,71dab74886a66f8d105ae7b9011af1c1,2,0.60911711
0.564,7219d014b74455e4661888018ce18938,4,0.400408391
0.565,721e362ae29734e145d6437a5331701f,2,0.99793377
0.566,72294178aa1b28b6296870c5eafa24e0,4,0.436948438
0.567,722d74dc0727fcffe2d7712c8833826a,2,0.76802863
0.568,7232d13e7f9761093139159b981857a2,3,0.431960998
0.569,7240119b3c38e264af1d4da74eaa8be4,2,0.453215249
0.57,72967205ff3ab4e2b94338df82f37ed1,3,0.417947194
0.571,72edaba5bf6acb92ddc67a2130f6044e,2,0.707506375
0.572,733b45a9acaf76b1662c9cc75784dfb4,3,0.285738279
0.573,7358e8ecd53d3712b0d7c9b04da4a77a,5,0.830658641
0.574,73b203d295c4c869ef0e9ecde70c9451,3,0.798714138
0.575,73b3b067096db8117b5f7ea97d515ad5,1,0.995581914
0.576,740d9b2ea5713119fec5849936b9128b,1,0.690576099
0.577,748289d833e671b4848c77b9443c2034,1,0.99793377
0.578,755afc7ffddcfd5e093ea2222f4affd6,1,0.999908282
0.579,7580ff42ec296410fd9b751933c26164,2,0.630700745
0.58,7623a71175b33812a136de667dca374f,1,0.997924242
0.581,7646ca0ef79ae7e357c84c59adcf3cb5,2,0.309369253
0.582,768b36024fbc2c0b4eea44d6b5a8b726,3,0.396117022
0.583,768dc8d63f66ad4cf87ed3c3db0d0d9d,1,0.548754499
0.584,769a0b08a3b8e579513a00ff4b74ccd6,6,0.661809009
0.585,76a2e443105acc53d3461f176f38148c,4,0.035943954
0.586,7720f160d60f6042630db6310e78a197,1,0.641598595
0.587,7789a99e360388313085539ee5765e33,3,0.776475407
0.588,77a920bd965da12d31f93c1adf2c5ea1,4,0.999997957
0.589,78600c2573cca9916b843ee41e6284c5,1,0.456916741
0.59,786b8ac65e5b82859f950bc092da3f78,3,0.524523595
0.591,788f25619c77abb69cf199dd19233eb4,1,0.999342164
0.592,78c20e329a7b47d11c13171c92a1aad2,2,0.99793377
0.593,78cb2613aa873c273c2323e8409ff9b7,7,0.035191679
0.594,78e08e8ddf5ec134b31709e85b34ea14,2,0.485606937
0.595,79114c19fc6b6524b50e8e167368f567,4,0.487904329
0.596,7947afcc70ea7fcb5b6a4f171b5e5749,2,0.65320739
0.597,7962e18ba5ee6e4590897289b59a8bb7,2,0.99793377
0.598,79882a047a01ea067efc1c77bb2ade6c,1,0.999428243
0.599,799c8e9ccda5e6067599a9f247a204f4,2,0.364753272
0.6,79c9235ff041fe76f6dc89a18c5a222a,3,0.393367298
0.601,79dd8858e8f7f68455b807ef496bbc24,5,0.84427377
0.602,7a563f0f13fdfe7862aef048fcf6f45a,3,0.446121611
0.603,7af6ae689696e9ea838fbb88ee9afb78,3,0.803125886
0.604,7b0271154b8bcd661b44fb3e48da8636,3,0.714626593
0.605,7b035b5315755ebcad98d3bfa3928f56,1,0.996073926
0.606,7b29facf0f816a7db49e00ace2ec40e1,2,0.78187363
0.607,7b98f85b43db30c605867cca3737a5bc,4,0.999997957
0.608,7beab4f249af89a8aab102a03113ba62,9,0.801311106
0.609,7c338eeece15edbfcf8ed52c568f6fc2,5,0.538311969
0.61,7c342291a1c802d1945bf580a6ca8676,6,0.45067182
0.611,7c52cb60113efeb07d82deb6afad4c29,1,0.577178189
0.612,7c7a50c2a490e545357f42c95d5ee4c0,4,0.572342633
0.613,7cb7f74fedcc8ede7ed439b918fc5443,1,0.500820988
0.614,7ccc62a2660bda46b0d31ba1b464ee7a,1,0.827501313
0.615,7cd67138f8640c6c5b42cef73ef847d2,3,0.711662288
0.616,7d5697024ced5b153721c6e8c9899591,2,0.807621046
0.617,7d5f671eabffd7d653d18e5598a30d17,3,0.721361048
0.618,7d7d2f296602df85f1660a9686cd6b21,2,0.60911711
0.619,7d80acb1d09768b81476280e9ea221de,1,0.564030986
0.62,7d88f9cf57cb0abdca6d77a2757726cd,2,0.80046925
0.621,7dd273cfe05a5c5e224f299f760201cf,4,0.715447647
0.622,7e016bceaef7b16993525a22390b381d,1,0.99732045
0.623,7e190605a47f22e612b10beaa218cc6d,1,0.998214533
0.624,7e31eba2050bc4f526b3b54594a7535d,4,0.988382019
0.625,7e403a048ec8502d08dc87d27ebd86c0,2,0.627644926
0.626,7e777c0f972309bbe9f7781b653b0662,3,0.436244423
0.627,7ebbb1e6f79a2910951c191a4bf1df66,4,0.830651391
0.628,7ed766b10cea20bbbb4c1e8423d126f3,2,0.345465153
0.629,7f4324445f49d871d68a182447176901,4,0.032383387
0.63,7f79adb6f17ca8c8dec3d655e2206dd6,3,0.287871952
0.631,7f8b21acc1c1c832d001e87981b6580b,1,0.477093758
0.632,7f9efe4202c231c9f641ca7f2e0f9137,3,0.448198895
0.633,7fb7b149895ce112dab879d11cf9d2ca,4,0.791894248
0.634,801efb14d6457f799fd2becee6d07b72,5,0.508239063
0.635,8052cc02fc1077a0a7949d62bed7f0f0,4,0.033582462
0.636,80544fde2d0299365cd6d34803590b8f,4,0.591897113
0.637,80b82c1d8e5f94d7014a7c736e761493,5,0.3257657
0.638,80c6438dfd6ca8fa1805d6ce7eb4df50,1,0.99793377
0.639,80cf3671dca96255c21479ca4af3ca12,4,0.837616762
0.64,80dbbc2882aedfd3a16b000a44d67911,4,0.999162637
0.641,80fc7bbe04e95d89ee987f5d3bffaece,5,0.330139545
0.642,81703e7ea9070f5db356c359ddd4731e,1,0.999705222
0.643,81aa71bdf2eb894e870573475cc169f4,2,0.493378689
0.644,81bc354d69ee2b6be47ccd9077908d98,3,0.809978752
0.645,81c7f4c4e27e09fccdc187f0bab221d2,2,0.60911711
0.646,81f3749d0ef859e4f3715d7543ad4d5b,3,0.464374193
0.647,820f3b1564238fd7ab59403a782998b8,1,0.99793377
0.648,8215c539c392e8fc631e1d5cddeac7da,3,0.30000051
0.649,8219cb35411cc09621c59ce542f56618,3,0.473430679
0.65,822ab196945b24c7ff1db4a6f1bcde06,1,0.635114534
0.651,8262ab51d7e45df6bec851b10f3fd4b2,4,0.839327229
0.652,827e40b6c54c7387c63715a27ec534b3,2,0.423398294
0.653,82f429ead1097c30acba7d66a109b98c,2,0.996867409
0.654,82ffddbdc57b624eb28d9706d7906683,2,0.757442751
0.655,831d1e770ef3c692ec8cf1e1bce2b683,1,0.190888678
0.656,831e20436ab2ecbfad45542c04f1ca6f,2,0.432627218
0.657,832f66e0744c8a047ac343682c80ad50,3,0.532676767
0.658,83bbdc17281de803506db776d5cb544c,4,0.257946043
0.659,83c246c4ed456dea2a15d054f16009b3,2,0.751125096
0.66,8421996edb409be2efcdfeae6fc6cda2,2,0.758235835
0.661,844df0b46e76f691b2d6f6dff1606770,2,0.218437675
0.662,84772e575bb8236ac5dd12e1a318696c,3,0.396117022
0.663,84852ec384d9dba2d3b86c531acc3bd7,2,0.998858068
0.664,8486668584650c491a5e6ffb7ada8c4f,2,0.321764244
0.665,84dc307178193ecb2b89c22c13b102ae,4,0.038318277
0.666,84e8d4855c46684cbe1317930c65e759,1,0.500820988
0.667,84ea3564fd34c5377c4305b340f0c16f,1,0.999883283
0.668,84ea6ae6159e2c9dbcbacdb7ba41f077,1,0.99793377
0.669,84fd7e1227b74b164878e6f536789f88,3,0.285738279
0.67,8525b46638888c72a5ed7d6a44176fe9,7,0.98680894
0.671,864267f12bedace19272af56224498c7,4,0.957563157
0.672,867881e11f7992c6a7fb7fedbcc094c5,3,0.301656769
0.673,8693216da01a75f2a374a093665476ec,1,0.999601606
0.674,86c3e496d34978d1db9616421ccbaa3b,4,0.495249274
0.675,871125881fcdcfc78cef5b9e341c2acf,3,0.39017093
0.676,8735f92a7f18db944bc862777fbd3222,2,0.844221173
0.677,8741b8bca3a0450b2d57b22df7472681,1,0.99793377
0.678,875411adf1506374b06f93ba934efe57,3,0.400847403
0.679,876b81ac207219d09733f203834b91b4,3,0.577841063
0.68,87a918f2af94ff451dd1f9ada0c46ecb,4,0.816766902
0.681,87ccb6a1f9ac3b995d5f1397ee70d8ed,1,0.99793377
0.682,882604d36ffb4dff6d9c25100203b1b8,4,0.378067187
0.683,882b5b49ef18215727a0900958cdec5d,2,0.999997957
0.684,889b3824f9f3709fc805ea887f859e90,7,0.99364022
0.685,88f945dfa02a09efe393ff524db5184f,1,0.817880003
0.686,8a6f92e615e897aa22eaf90a18bfa62a,6,0.574597694
0.687,8a78040f2f33e70a2a5cd4cc06229eb9,2,0.60911711
0.688,8a8d5792042015ac286758c84dd44cf1,3,0.33425637
0.689,8ab8584f4742dfbc706edecdf89a21b6,9,0.530271993
0.69,8b08139d6eb5d7a849dff1bd579727d7,2,0.754648275
0.691,8b1b6b50ee8e9d52ac980948823b441f,3,0.430653657
0.692,8b2494a11c2f75ef0302082e2b542682,2,0.782677492
0.693,8b9ce4f6aa7c68f39a061ffcce083b8a,1,0.99921547
0.694,8ba2a64be9937a3f2cff0bfa999ca746,4,0.488193333
0.695,8ba8d462bcfca4f3dffd540c2595af0e,3,0.999576166
0.696,8bc601dcb7b65c470ddf1ad2d2842fe2,3,0.760218554
0.697,8bd94e1f1a5fa8299170d0e4dc4de7e9,1,0.999087026
0.698,8bdeefe80b751c6b78e7ddeb90b4379e,2,0.732456089
0.699,8bf32ba476f7f04219294c94f4899c93,4,0.554692289
0.7,8c1887344680f579822a3cb488b011f5,8,0.738093551
0.701,8c7a2941a1835de2a5c609397604d61e,3,0.371930906
0.702,8ca12723be29d041f15c762130ebfd07,2,0.748136452
0.703,8ceae18ee0348d694b1a6f77def3b22e,5,0.985028667
0.704,8d59da03eccae734afb33476e64a14e4,2,0.999792192
0.705,8d6ed6c4e133f0c9730f92c02bed365a,4,0.738583711
0.706,8d703908c09c7cb0da2a4398dd74f9f8,10,0.441187267
0.707,8d86c76119abb8cee5563d24dfd5019c,1,0.783470175
0.708,8dd593fc544e9cd4e3426321fe7647b8,1,0.999578935
0.709,8e1161b45335e125da5a572c1b2cea64,2,0.998253992
0.71,8e16aa6a5e9e2bc9e02a4511a5d92bc3,1,0.998828248
0.711,8e1fcb8692644bf30ce83fad6969b23e,2,0.597554551
0.712,8e63c7f3cd65cd55c7e331d206e794cf,7,0.762414974
0.713,8ec5d9933c9b07cb515ec80a34c1ec4a,1,0.999456017
0.714,8ecc598d477d0c3945a4be47d2c1f6e7,1,0.725590952
0.715,8f53b2632f74920e4fbf8cb429627b24,4,0.309958648
0.716,8f813280e8cc1c972cdf97b409fa6840,2,0.422207956
0.717,8fc4476419f5f056b25fa3e2ec02d30e,2,0.139115041
0.718,8fdd4b3fe533b8f3c1ba815768ca57f7,3,0.470163755
0.719,8ffc04e6d2dcb0b00602bd000116c682,2,0.60911711
0.72,901cbdda39fb27e052bd42989ae183fc,3,0.999884474
0.721,90456282cdda28a10a102792dc23044e,3,0.363543922
0.722,906cd086c31836bba0cad647082f23d8,2,0.810507221
0.723,90a53232ada4a128768b604abf3f647d,15,0.103719538
0.724,90d7da5d191f2a5c3ef9eeae56d5738e,4,0.999997957
0.725,90eb23c9a4b1fb74b5effa1f917bd730,3,0.471730217
0.726,90f28c2e8c8634e45ff36da389eb196b,2,0.78705483
0.727,9100c673ddb0128f63023d0c6d423792,4,0.999198692
0.728,9132f34bcdb2ef14ac55fbf2805c9d33,4,0.999132586
0.729,9176a4011d0b5a7a3fe654f25319091e,2,0.99793377
0.73,91f94a7937519cf936959943067c632f,1,0.727956296
0.731,92202a98627b3c04170e20881b3ded92,7,0.999768012
0.732,922d33a2963d3e87a3d4df6b82371235,6,0.759777442
0.733,9255e939f667b42a03cb99246b86cb32,4,0.501335407
0.734,9267e1c5b40bf60afb1fb88fd0edd62b,2,0.60911711
0.735,9286fe4d4dcf32bb49f8dd40cd4b7339,2,0.997495061
0.736,9288703560391842cf12337a858782a4,7,0.694481216
0.737,92c0c75c6858840cbc21744f047e2a02,2,0.61216982
0.738,930c5fe973a4e60ddfbd0a1d2b5c9f7d,1,0.999997957
0.739,935d5447c3c7266e897e1be3133aff9a,2,0.998680355
0.74,936f76885e2ff79dde9adf042e7d4617,2,0.999997957
0.741,9374db889ef0b3cf405933a8bea88511,4,0.608783267
0.742,93ba0909d663e9415c6bbdf3df62fbb7,9,0.684693105
0.743,93dd3d4f76088731232fa86b5119ae9f,1,0.999194754
0.744,94059f5c8a6d2e834416e55ad6efba7c,1,0.998615453
0.745,9457d649249103ad56f0de7621215141,2,0.999823702
0.746,94633842e93a7310bc701f2b0d209ba8,8,0.818841459
0.747,94b6c67df39b422cd0bad46231c064ac,3,0.283321836
0.748,94c2f3105ad7a9016b4b58d0960cbe27,3,0.999793903
0.749,94fc0ac52e20738d0729db380bee50c0,3,0.294783669
0.75,95409f0f627d9bbbad895d1fd1fbb228,2,0.698535039
0.751,95c48655f0148815bbbf1c9613744284,2,0.60911711
0.752,95efb59f72e35c32a16a15244d1b1139,3,0.396117022
0.753,96f26b408377ba78f5abeccfb4609c27,1,0.998927992
0.754,973fd6dc143a1ea126a79d27c9f76593,2,0.421667118
0.755,97526cc3bdb30750d172ec27041d3211,2,0.572397838
0.756,97630a2abb1068d9d3d429737b01dcea,3,0.435859643
0.757,978858ea594de6ec587b866e553a184c,2,0.818491341
0.758,97eebe702acb6c7392b296c42c14996c,2,0.199209424
0.759,9879a750c4dcbe94271efc3a64a8dcc6,1,0.998928898
0.76,98a97c8c238eded7aa70ac0af471c46f,1,0.755071728
0.761,98ba44f985d3cf0b63ba0aeafd7e2eca,3,0.994567981
0.762,98c7feea03813c74ea0b7415d1c60587,3,0.235639155
0.763,98f53519513214e968c569829a1471bb,4,0.823718549
0.764,9959d41eb08c824dc37ee5da238cf39a,1,0.999389874
0.765,997e412f8e2958b5ba002594bbd1bf11,1,0.997933747
0.766,99a73402266e3e2915c0ef5d98e9ceeb,1,0.685368903
0.767,99e5a1f89bd0985c7232e7288b0bbb0c,2,0.999760888
0.768,99ff16e445d5b438a99e5b592f1ac97f,2,0.421707451
0.769,9a025d848d9b9fa96225400849540642,8,0.82405889
0.77,9a64f65cc4a51bc87a27dbff7ecefdd6,3,0.76134503
0.771,9a7d061d8a062a3303fcfeb2b5f4a74e,1,0.999559381
0.772,9a94cd99177104efc462eaf65beb77ed,3,0.407415003
0.773,9a96f51093608e4d575714e51a9c9dc8,3,0.810900711
0.774,9ab3a54e5cefa6a766fde0d8c304769f,2,0.420398761
0.775,9ac9a274b64edbcb2b5e1e1c81743b51,3,0.828910032
0.776,9ad337f9a5262f4d3823a8dc27bfa456,2,0.363910481
0.777,9af3467db68cf6063627304cecd46a65,5,0.816994972
0.778,9ba8d46d0669c029c17810f631f509ea,2,0.856979893
0.779,9bc17c40ce6bf488cf78ffcaf1219028,1,0.999992034
0.78,9c0d81cf282cff1b5ffc4889aa9594e4,2,0.358010631
0.781,9c4c096833f8724ca8de70af807fc014,4,0.724940305
0.782,9c54c522a386d5ed75686001dae803d9,2,0.79456765
0.783,9c5f59625c6af3ff139204684caeb156,3,0.352863734
0.784,9c728ec48de64e19754b356207271a4b,2,0.606304589
0.785,9c886d46813a724862c055b0ed46e86d,2,0.999331897
0.786,9c9c0ba4781cfccc4af254e3c3b3da10,2,0.252106939
0.787,9cfa52be027c8fa57d197b21dd7a958c,1,0.999311425
0.788,9d1017e80908e52ac0081c5acb758064,3,0.996266659
0.789,9d5fa8335722caf15c7501355831afdd,1,0.999496197
0.79,9d9d08e0fe35b4a08e7935523172c65d,2,0.99793377
0.791,9db5df42b27e4378d0e7b31f188d68b1,3,0.99919139
0.792,9dff8dfa4bf964aaa9f913e7e2ddca8f,6,0.708620109
0.793,9e26dc7c6642e4bf724f8d376d56a973,2,0.617597533
0.794,9e5186f0afe739a2c4d785d2b6c458d0,1,0.999997957
0.795,9e7cdd75c435a5570728c37ff257d549,9,0.523603816
0.796,9e9c4270966cf507485654eb33a69880,5,0.32374676
0.797,9eab7a1249300ee6e9757c224201f94d,4,0.999997957
0.798,9f5bf0bf0fa780be0b7ab197316e91c4,1,0.999942456
0.799,9fd0d4b1ac61ebda95b011432f63b0ca,2,0.60911711
0.8,a000ba79fd20c97353897e25aba15dc8,1,0.999260493
0.801,a03e297d34ac672d673b3253093914e4,3,0.463737186
0.802,a061e3742febc89b1cb9ecf3d4b6360d,2,0.998980435
0.803,a07da86a91a8a246c06196fae2f4966d,1,0.999703464
0.804,a080a409c3444a2a2ebd1d7716b1b32f,1,0.782946781
0.805,a0bb09fae9e322244745b2b33194e6e1,3,0.999608179
0.806,a0d108f9b87f7d0283898c0cd3a704b8,4,0.999598758
0.807,a106bc77473d5c826a94972b9ff12953,1,0.999624301
0.808,a1726a0657ff73e440bd97b811429cdd,1,0.99929142
0.809,a172b50c112ac90244831253de17dae0,3,0.815952922
0.81,a1d1836883de15eda09f8a32755ba4bd,5,0.810136495
0.811,a22c8ef72659b99e76dd5d4ec6b37843,2,0.844274466
0.812,a28c44abb489fdf07a4292227a455b60,2,0.967366304
0.813,a3ae3c687963932fa954dcfe04ea8f17,3,0.821531639
0.814,a3c44910e886f24f49b3919dbad49734,10,0.415608649
0.815,a3c9b852c9fd2467d28611e83f2fef80,3,0.470519318
0.816,a3f8752e3bac7f487e9a48c14482fc3d,2,0.433680662
0.817,a42d75343f92453ea9569403ad04c589,2,0.885384742
0.818,a4ca186727104dc218dca90077451323,5,0.999885325
0.819,a4e7c4029a5970db9ae5de9cb1b8ced9,1,0.99793377
0.82,a4f032b80bd5f0c99e664883785040a2,3,0.396117022
0.821,a4f34f69567274d0ce5612ab76f03cfa,8,0.74501427
0.822,a5002d4f78f6246f733ccf1e79535bbc,3,0.351454699
0.823,a51911fb468aee7787ca8edf2ad66641,1,0.999825541
0.824,a56647b812e192e97e47e0da77055c02,1,0.999324337
0.825,a56d5494d3cef8dabe0951f3f3391431,2,0.486034331
0.826,a57e8133deb4fc1a6cbeaac02d482d8f,2,0.998473577
0.827,a5b4cd3df6ed53542a012561a4b92e1a,2,0.507001156
0.828,a5e4fa1c4fdfceff6877d2ba21ae0b91,1,0.754643076
0.829,a60f0b4bc20e5a162b45b3d2ed7a0d6c,2,0.630871622
0.83,a65e5f36aee81c3bef7c6511a79745c1,2,0.60911711
0.831,a67f500f592f952f09da73c302598b39,1,0.302784584
0.832,a6db2d87f1e7a32216e5041a1920f12e,2,0.631975403
0.833,a7166c0fcecb4fa3ee66e4a4bf3542c6,4,0.556230513
0.834,a71c2b364419addf3c4a76844f1355fc,2,0.816248286
0.835,a7288c4170a83e9dc0490afc7ffc6187,4,0.36636121
0.836,a738568b261166a672bdd2c51055fff7,2,0.809721047
0.837,a743f3662545d1b0e3bb247ffd2e20fa,3,0.51205674
0.838,a7442aae7579c6c8341eec74bd2a2799,2,0.775806248
0.839,a787ddc27d9be4e7950b4e4627f2a96a,3,0.999796685
0.84,a7b57a3495513cb6d0fae02b7d400ac7,2,0.777180713
0.841,a7d9ac24cf597a17e98e400931d90089,5,0.766551845
0.842,a7e686f4917288d6e045f9040b631394,2,0.704123747
0.843,a7f352a18d1a6e98b69c07500831f3eb,3,0.184984089
0.844,a88f20e5316581a013745e290c1b0fe3,1,0.663885806
0.845,a8ba2be55b01bb4d9141415bb96c239d,9,0.499640854
0.846,a9360c0a1300c954aefbdaeb9109d345,2,0.995378329
0.847,a9a479d8d237250668a0e24bc292bcb7,3,0.43855868
0.848,a9a516691d10b9beb2649fa7d5782c36,1,0.999882031
0.849,aa2e36eeb87c83a40427e9bb5369d0b6,2,0.438168185
0.85,aa355107110bfe32cc8b288fdf53e594,2,0.31102654
0.851,aa8553ebd7e5dcc37bd9437e0cbe425e,1,0.986357446
0.852,aa89d137e75233265e416a0fe2ef7ab5,2,0.577956126
0.853,aac191f71ee109979c0a2b9d9c872206,8,0.837530964
0.854,aac88ddc4d0f553f717d670e8ca44d8a,2,0.860016582
0.855,aad6d37561f4e59efd32b47773e2f0ce,9,0.837620552
0.856,ab376ee01d9e534b5cc7498b2ae619fd,3,0.428055685
0.857,ab3c8788d244ad9a77a7a48ae03ad6d3,1,0.657862687
0.858,ab648c8f4aacce9968750f89085addce,4,0.814947705
0.859,ab976ca8b7323b4369470c5f3fd9a1fd,1,0.704888359
0.86,ab9875bffa11d8b31dd869ecbc30fbe1,1,0.999948297
0.861,ab9afbbc1d2a52db63446be880c9bedd,3,0.24710489
0.862,abd0a50a8944d6a8cf665b2dcedb28e9,2,0.485606937
0.863,abd4da45caf8ea40e5ec86f99c6d65ad,4,0.343567136
0.864,ac4ba240a41b7fe74e91be7700190c34,2,0.999940768
0.865,aca28e4f440b01d56bc951ba98270a87,2,0.999822096
0.866,aca450f26ca1e38523ecc714e62fc131,2,0.60911711
0.867,acc9603a819dc23a606ac6c1b9105b6d,3,0.844274491
0.868,ad595e36a01befcb72ffdf39a2866df2,2,0.998580259
0.869,ad85f3e563e106d79183af31a49ad478,9,0.765708016
0.87,ad9e0017fee8f1eaaf3c142b2c9fa459,1,0.747124254
0.871,adb66bb8694d9482402ea710749a5e74,4,0.381942407
0.872,addd45bc6180048ae507fcf2bf19f8e5,4,0.999380082
0.873,adec6a008d9ec63796c73781efa98db0,2,0.99926526
0.874,adfb67f460d65aa8614bed0880411c61,4,0.844266851
0.875,ae4ff956d37a659ba4c9b9d37b0424e1,1,0.564030986
0.876,ae88f77525a7096df7c0d9c6ede9f846,2,0.418387818
0.877,aeb1918413f803c42baa9f398d9f83e8,6,0.723980368
0.878,aed191bac0b1c3264208a084af848bed,2,0.830625132
0.879,aee83626bf99f96165a5c90cc9511595,2,0.780696382
0.88,af27577de5edb10c09f7fc19b9ca45ca,3,0.816988617
0.881,af527ecc42c54a69dbb620391d9311b4,3,0.470878567
0.882,afc0eeec83a181be740331928d883362,2,0.427923949
0.883,afc8186bb8b76a44713824d3f330e20e,4,0.99952898
0.884,afde2f8e44e454b7451b7d96d358c068,3,0.468870517
0.885,b0212c1c7e24969be228446d38397333,2,0.240345065
0.886,b0666920e35843f4e7d95e96412530d7,4,0.614210223
0.887,b0d5ccdfbc1480e2c3b61f14820a33ca,1,0.999246533
0.888,b10c22ab3d918cc36d964528acf97ef4,3,0.596101813
0.889,b15186f98f10d5531303118aab40753d,2,0.999179502
0.89,b26ca3221c2a826f0fb8c4b11e8939f6,3,0.462626921
0.891,b2b987b5ec3abf3996f91a6e9852fe60,5,0.524754648
0.892,b2bb30b74779c4f4e86aed4a22ae2fe2,8,0.768206081
0.893,b2e3b347a06a442b0098aeaebebf21a4,2,0.606304589
0.894,b32577909d9543911fff91bac5f76dd6,3,0.598445268
0.895,b32648a253a3bb21bbe3bcc1db3f7caf,2,0.844255833
0.896,b33b6b0984c47ec9f2aee36f7019d522,3,0.663450713
0.897,b33e68f2c1d3559c577e3d6ec6dd81fb,2,0.771851831
0.898,b37ec066cca81b49b650de6708ed24bb,1,0.999883439
0.899,b396df71ff4bad780a6862032851bce5,4,0.982299612
0.9,b3bd983adc1a1247e935f10d16b1f64d,2,0.999385349
0.901,b3f47d45aaf694f44b05384dea3d42ab,2,0.427923949
0.902,b448d4f1c11a50f12b658ed375daf5d9,3,0.99969639
0.903,b44e1e2eadb338e32028bd2349856774,2,0.35589227
0.904,b46f32b57e62d611fcf752bd2b9ae5d2,1,0.99793377
0.905,b4f19da5f5c2c2c5608bf1172496520d,2,0.493131232
0.906,b503280630514f0e3b64352576db1907,2,0.361622954
0.907,b52075bad8d5c4ff425d2d37ca52aa24,2,0.747117828
0.908,b52a1d535f1a655d029813af70ec7171,3,0.400847403
0.909,b579558db8af6d77ab06f7fd10072d14,4,0.641485001
0.91,b601b2ea2b069de7516ec6135c79ee29,3,0.844262575
0.911,b632a177daad11d134247ee04ab8b120,3,0.391387633
0.912,b6671fbc0a1cd8ab22083eae3938666a,2,0.809403927
0.913,b688a65229896038a5d9ce981a1a5e25,6,0.255955199
0.914,b6a0ad25677cccdc5a6ada23f7e276b6,1,0.999572794
0.915,b6fe0e26a456e77003e22e6621a972db,1,0.479541263
0.916,b70052f1527ee64b4d266d671f5a14c3,3,0.303945071
0.917,b72466c1473504dc8cd2f205ba8a4a27,2,0.60911711
0.918,b7325b6898c686ea8231f5f191a18994,2,0.99916967
0.919,b75e2ef0e905fa22619b60098e918ee3,2,0.999997957
0.92,b7a2bc450146ff938fb3354ecc36444a,2,0.844274489
0.921,b7a70e1cd2ea07df4e5be650f54da65d,1,0.993247321
0.922,b7b20636435a7c4ed4a41195b0e0ac05,1,0.334573752
0.923,b7ff56160457e91832db13c25ab52cb7,2,0.365690489
0.924,b8528a4926ad27de5d4d82840167aff8,1,0.999086982
0.925,b86b90926fbed01b38bf18cb5a090a2f,2,0.554445317
0.926,b86bcfa10c4260f2876ec57733382483,2,0.37723723
0.927,b899be5a0112fa5d46fea0ba45e66145,4,0.672159206
0.928,b98a2236130340e478d7190fd6282769,8,0.83068261
0.929,ba5a1af3041968e65cc60a84caf94e37,1,0.999766017
0.93,bae4298e5db147554f071ff15b73ae91,4,0.999254749
0.931,bb0b888eb6496b247a8d937550b56aef,2,0.823720727
0.932,bb6f8700a2888d035b2f3448910f4f79,3,0.999524035
0.933,bb806e1933449858f00763586da6d366,3,0.999882886
0.934,bb924bcc44d524b7165ecc14c0a91ef9,3,0.806873253
0.935,bc6debe755bc671b8653d07c7cd7e8d7,1,0.996191036
0.936,bc74a3df7b8ef9e965f2303c99fd4037,2,0.60911711
0.937,bc9a99e95c42d814dbaeab935b2ba74c,3,0.816995773
0.938,bca82bc447bbd86d4a6a93e596e3aabd,3,0.455968883
0.939,bcb42798207706f28243ddde0205558c,4,0.257946043
0.94,bcba47620c299fd34809f143e3d26dff,3,0.535593849
0.941,bd024a86841ddc8aa33b88d22044790a,2,0.999387167
0.942,bd217e3552c0912e166951d39a120601,2,0.999882931
0.943,bd99a92302e75ab6377fee3553233064,2,0.401661646
0.944,bdc2423a38dc60973f966d7624db8332,2,0.606304589
0.945,bdc90bf2514a8efa7c6df2805b3e8bbb,4,0.998734318
0.946,bddaaef1fdfe0bee217e527283e02ff0,3,0.371930906
0.947,bdedb161eace728b707f1f391cade010,1,0.99793377
0.948,be066e42c37b89db6680195009e0f55b,2,0.81733171
0.949,be3f5b0400830c0d1e79308a899f4cac,2,0.31102654
0.95,be45460bb19ae26f588454f3dd7388ec,4,0.998790083
0.951,be9d6317e49313c0a8885815491ce6f0,3,0.816987458
0.952,bed4b97befcaae2e9568b2b8e51b6bac,1,0.999517801
0.953,bf22db47913a3eef9827e30344eb634b,2,0.465992047
0.954,bf66595ea33b069adf3017e9085b3016,2,0.99793377
0.955,bfe11d7055c295f116f3991dc0135e58,3,0.659497187
0.956,c0172181ca3fd6dcffbf7320ebdf1a26,3,0.999769466
0.957,c02d180e4b5661cae38fadde84a35029,2,0.99879552
0.958,c06e1c29786a745fe29afb6e54e08556,2,0.60911711
0.959,c0798b45c2f3bd76b89ae257839ba21b,1,0.99793377
0.96,c0acc4ddeccf14732fdc726efab91028,2,0.60911711
0.961,c0c6dea060404ea17972053bc9e98ae7,3,0.803139367
0.962,c1aff5b39b852ad01c74231c921af653,2,0.844274491
0.963,c1d09ab666349137ef0103a25889ed0c,1,0.510588214
0.964,c1d9eada909d2d5dbe078f25f1038508,3,0.809895286
0.965,c1e962c769d78b200afd4a51ce1aa60a,9,0.788048937
0.966,c236a6e8a4d3745922096ceb6b8ad85b,1,0.500820988
0.967,c23bb06833528f184b901a2cd491e464,2,0.99793377
0.968,c263028ef4998cd5f069c432883962d3,4,0.260891578
0.969,c28ab480eb7e125aeee85de2c3f92ba2,4,0.319051817
0.97,c36646fabf5978777e0e7b08044e9568,1,0.564030986
0.971,c3734bc9a63cfe8a422911efefd6f903,3,0.457345108
0.972,c37daa9af73da58152a4f9db24a8d350,2,0.306133713
0.973,c38379bb0f6ee58cf754b63e95037878,5,0.538184227
0.974,c39ea129388a077989abed2081b5fe88,3,0.999942422
0.975,c4297ec10fcb9d4d1a9811dbe4a1ec79,3,0.549635024
0.976,c454a1f3380b1ddd6d5497ea28a26b0b,3,0.844274472
0.977,c4b5b0d584a7b6b6019f42b4eb607d91,1,0.636697849
0.978,c4e03f1d369504d79d6652029bd69413,2,0.837590622
0.979,c4e16e2ca85ff9eb360fd895f75227ca,3,0.362516012
0.98,c5135301d9e9439f5db217dc94c75d6c,2,0.677988825
0.981,c52287a7efd223c578b51937b849bf91,3,0.789590792
0.982,c530fa2c576c67ce632ce34474b8ea71,1,0.564030986
0.983,c53c03c968989613d1d10495e9b56d34,2,0.582114847
0.984,c56ae4705fd5cf31ed0b25fa86e22ed6,2,0.789543308
0.985,c58754f3613677615cb80ce5013b088c,2,0.306133713
0.986,c59c9575b896a27d1b3bc2a6fb2d5b8d,3,0.363361526
0.987,c59cef78b690d387bd39841a8d58ee8f,3,0.494904154
0.988,c60142fd615a8aef04406b92a2a689c1,6,0.71466597
0.989,c628660a6ba531df1eec5092a4f5189e,2,0.761524862
0.99,c67744b93c1aac731ad718596675f25e,1,0.999825924
0.991,c69352f1a000317323fd8841f1007691,4,0.354846628
0.992,c6fcc379476397a42167c15ea48d53fe,2,0.674746715
0.993,c72f04f46e4c0bb193ffdc4d1cb51301,3,0.396117022
0.994,c7fa267294f7f2ee1fa6c798aad5d639,2,0.606304589
0.995,c7fe66041ecc71208a99d0d1fcb55cac,3,0.585647092
0.996,c850ce895d11e53f3b44fff8db24a8bd,10,0.661832384
0.997,c89fa48b6d731b830c1bebb17f56236d,4,0.373415936
0.998,c8b152e7e9358fb1697632b6c22b07f5,2,0.60911711
0.999,c8f52c5bf51dbedc29a7b4deb39a34e2,1,0.500820988
0.1,c9098d06784a3bfa5003de9905262c41,2,0.999075102
0.1001,c939ee112ba982665e012437dae05c1e,8,0.837470784
0.1002,c95ca11807a39d5c19043261f8022c09,2,0.995517013
0.1003,c9ca5f3fb2dbddbbee5a800a1de97ca7,2,0.297666567
0.1004,c9de210c5a513e7749d7e67ce403d19a,2,0.844274436
0.1005,c9eeb9179e405b1fd7846a8aefb864d1,3,0.476083733
0.1006,ca2b23c1b70c9034ea6412255f88eb7f,2,0.999997957
0.1007,cabba4ab99c74691ee87fe75b6a92530,2,0.976585783
0.1008,cb9364b72552a5ae02d2977a300bb062,4,0.296641682
0.1009,cbc0cbfe40912ff3227e87e167bb6113,1,0.99793377
0.101,cc6ff40916dcc46b7af3840e472110e4,3,0.450659373
0.1011,ccff095466bef233cbec2b8fe9a748c9,3,0.998968589
0.1012,cd2a04d37fb046b0ad37bc145052eacc,1,0.586175823
0.1013,cd3252d96bdb1efe5fc05bc00a9d9309,1,0.999997957
0.1014,cd480b04cf3134bf0f6f1d9a3e469da8,2,0.60911711
0.1015,cd93017c92a76a9ce9abbee5f54f88bb,5,0.842501793
0.1016,cdcc3afd3d944a689480601359e3c039,1,0.999605337
0.1017,cdd939cd4e86daefa5053e378ba944b9,2,0.485606937
0.1018,ce01bdadda088b175d57fd2aeb2fca74,3,0.661528689
0.1019,ce8bf9a9e49baae00e6495f54d435883,2,0.252106939
0.102,cf3381318906e1e08f58bca905636dc0,4,0.384222838
0.1021,cf9203a8fd12c37c6ec64d2a131168b7,2,0.624462486
0.1022,cf99ef29dd7f9c64283952d6be911b7f,2,0.60911711
0.1023,cf9cb4857f53efb01808fbf92526ce93,4,0.379287546
0.1024,cfb98993000a7864ecd250723d57b8db,3,0.396117022
0.1025,cfce7bbd6cf5c0644f74b4940e5cc7f9,4,0.608783267
0.1026,cfe0cf1b9d55b40db6066ab801eb6231,3,0.806894753
0.1027,d007b1413572cc8ba7cd74d1b9b76586,2,0.352880708
0.1028,d01e487b828ef6bb981e3f43b790d258,3,0.464667487
0.1029,d0771653b2f547a39107b4592cadf8f5,2,0.683295069
0.103,d0eb4ffa814209609701ce4df8a00f36,7,0.356280434
0.1031,d114fb4c335125128be28401522dd41a,6,0.982693479
0.1032,d12038c6cdb5e827a57bf4af3e1f956f,1,0.769289769
0.1033,d1394559125e828ad13d3c98e2ad5157,4,0.369839352
0.1034,d19501e6a295431ff256da4122e03560,1,0.998226215
0.1035,d1d4488efae101cdbd2e3cad64bb1103,1,0.999603328
0.1036,d1e7069c930bb4790713681f06f84cf0,6,0.796031789
0.1037,d22a6016af439ad12e5224a43c15a7ee,6,0.14170122
0.1038,d295b9a63b6148b9f4663819da1c914b,2,0.823139858
0.1039,d2a49edc7edcf70e81b846db923a81ea,2,0.60911711
0.104,d2af52fc6f48ab4d05c96dad9527d8a2,2,0.844274493
0.1041,d2d01dc861fd4b0a6572489b26e9eb1a,3,0.810681579
0.1042,d2eafc3e5127c5d7e129d8bd7b7a94a8,1,0.634212068
0.1043,d3243a39a25903b4c9384cae24d5d490,2,0.433690722
0.1044,d391582e27329b0ca8a006738a29c181,2,0.60911711
0.1045,d3a5ff055babaeeea425e69e726c5255,4,0.620207821
0.1046,d3c5b787f0ca71a9b39ff87ee8733a30,2,0.372814128
0.1047,d3c9269fe28e813aaf1699129a50df80,3,0.999646116
0.1048,d3da04e863c65de75bd1281885dfb07d,8,0.999845115
0.1049,d40634df61c06d4599cf8ed508a8f210,1,0.334573752
0.105,d4400b4b602d0225a63738f93aff16e1,5,0.835761271
0.1051,d46e2205f0c6ecf67b51f83d111c509c,7,0.999997957
0.1052,d49577cfd16caefe467ea8a6b8ebf579,2,0.606304589
0.1053,d495eb5e4679329eb5565104e40f468c,2,0.9986982
0.1054,d4a0d4acb7547538ea23749e04724e05,4,0.235791563
0.1055,d4bd86f245244eb1592ea012ae13fdaa,1,0.99793377
0.1056,d4c36f4a3c357e908cb65d5fd539d8e6,2,0.61612505
0.1057,d4c4588aa4e55988991d5474dcd469a1,4,0.999297705
0.1058,d4cc0a095dd016823ef8c5ad567c91fd,3,0.459424005
0.1059,d4e351ca4848bed2680ed605d9c2c41c,1,0.99793377
0.106,d52d14abfccb539e79068c89454cbbbd,5,0.839685576
0.1061,d56e5ac31cfe9e5dea7d4a63d13f1232,3,0.456837331
0.1062,d5b23bb0b75b67df5ecd5ad44760b312,2,0.485606937
0.1063,d5c62883f6e56836e55aefb9a15623a5,9,0.535046388
0.1064,d5eb9156cd0592eb1cd773db88550ef3,2,0.746062089
0.1065,d6061df8c4e3c0b334953adab14faf49,2,0.449510651
0.1066,d67670fe8a49028a12921b418464a6cc,5,0.271883729
0.1067,d6c6048d165a11a47c4c89fef20660a0,1,0.844267911
0.1068,d6efd2da2728fd74ded268122ee05036,1,0.717899346
0.1069,d70adaf7d3d98a3004a9dcf45f734e64,3,0.396117022
0.107,d70ccefa7fbf855603f90c3f1ecad8f6,1,0.685806824
0.1071,d78d32f5bc4b3c93e894d7eea4243f05,3,0.458251136
0.1072,d7926eba30ca0f01bac6fc5d090e9ab9,4,0.999997957
0.1073,d7bcef80ac9a8b1c5e73a938a7f9f798,9,0.704038605
0.1074,d829bee4984f82ffc2453212157caf96,1,0.815840621
0.1075,d8a9373c5e64a551a5ab5e1f5d67715f,2,0.998771461
0.1076,d8c62be96f8a309aa22114594ba92b3f,4,0.729778023
0.1077,d94c20c00db235bb6fccc68f06f100c7,2,0.999997957
0.1078,d9f7d1bb4d654d0e3a2d06621a467d5a,3,0.836496158
0.1079,da0a3f74205497bd02e1d8dd6feba015,3,0.734535334
0.108,da1b4ba32d1e18f21f878eb2b41c9cb6,2,0.463487737
0.1081,da822182f95a3f879cb9eea3dbe5c19c,2,0.780507471
0.1082,dada98173a9d0b48e30800dbf3e16628,3,0.999376367
0.1083,db4f44591daf48c5c6ef80a8c89bff9f,2,0.60911711
0.1084,dbaf9cf24e24adc27f74d7e2643c243a,2,0.837304498
0.1085,dbb719eb33186137c4c9e1d1aaf1ee83,3,0.315802236
0.1086,dbd2e1be04719986b3c08f223f6d3448,4,0.040075253
0.1087,dc3835d12dc9edc210bddff9c66bf356,2,0.685660957
0.1088,dcaa5e57dd7417a42aac2c915ae490c4,1,0.998911869
0.1089,dcfd90aa2fd3ae4cecc831902af00185,2,0.999881873
0.109,dd1a4903a8f2dcadb2d8514a61adb7b8,3,0.394692333
0.1091,dd819f97d1263c677a9fb5eebfe939d5,4,0.984532431
0.1092,dd847428d7956f037593bd4851b7e654,4,0.999909521
0.1093,ddb8f05e032115776830fb404196ed4c,2,0.631975403
0.1094,de05e9f7072b8da3d4f510900a0b870a,1,0.678766338
0.1095,de42ee58364a0eaab73afa9583962e15,1,0.500820988
0.1096,de73ab6c402c5cb7f73a4413d07e0c57,3,0.363361526
0.1097,dec5101474b1d16988fc6b6ce465e3c4,4,0.040646606
0.1098,deef40a69e31639a2389778790f0c370,3,0.396117022
0.1099,df4ff260c5074d4e2ffe0cba9257f266,6,0.381641906
0.11,df5a202cb8b5dd965d25b663c02af8d0,2,0.627639941
0.1101,dfa43615dff28049ff3d4d35e1df955d,3,0.396117022
0.1102,e01f01c3fbe4003cb42e41c66644f3e9,1,0.484819031
0.1103,e0275fca226f94283c0ec3cf6a287821,2,0.321764244
0.1104,e052be8af62cb9682e99af532ab6ee6a,2,0.99522598
0.1105,e05c0a2103e5d2661e2dbe77df1080e2,2,0.404086719
0.1106,e06d4eb98327fdd07edcce174ccd1bc7,1,0.374014074
0.1107,e0858a625eec45a8ed5b142dcf4671a0,1,0.312984972
0.1108,e15844b3dabd49a2995f936c5b616330,2,0.68499693
0.1109,e177a451db2600efdeb8bde47ef88671,5,0.837750975
0.111,e1d3bed534009b5817c2d31ec77b36c1,3,0.471034622
0.1111,e223a961ad99eb0a0df839de09015227,1,0.998757336
0.1112,e234c0d07b0652afe259ec8b7d551ecb,4,0.739603926
0.1113,e2a35867731fb073463f823bb3f063d2,3,0.261798153
0.1114,e336f35901b913a08ce6129eb8fed0dd,4,0.366723141
0.1115,e33c5576113465ae725d3993fc43738e,1,0.816852564
0.1116,e38c766d90d9e552ff7547b04297d9aa,2,0.354533693
0.1117,e3e229bc9def958ab1bee16c13da7f71,4,0.999827188
0.1118,e416d0916760d2fc17b616e2ac3ad855,2,0.436417861
0.1119,e4278f7eb9e1d1595866d1c4440c78c9,7,0.838908674
0.112,e489fe0c0494011d2ac5adb033f45e13,2,0.60911711
0.1121,e4d1a7edc70a5b859d68e0146708f3fa,3,0.734684901
0.1122,e50cc2a3da1dd7fd34ca4daba09a32ad,1,0.99656711
0.1123,e52372c936462a974796d105e8058990,2,0.321764244
0.1124,e5c0fa4b69ad7c9fe15a26ab125d8664,4,0.329031119
0.1125,e5c19d7800b18015f3a917fc015fc42f,4,0.844274351
0.1126,e61c5d15739059361f8ac80a09a88441,3,0.6694309
0.1127,e64d88049adee7e8466e10bc3bc25223,2,0.995158811
0.1128,e657907312415da47ee5d5a4796a675a,2,0.99793377
0.1129,e69515e9143c08b3faebbc9505a49ec9,3,0.999942476
0.113,e6a3834ad7e6959912728b400ebbc7c0,2,0.99740578
0.1131,e6c8443214bca5d5809bbb0c5644af52,5,0.661654136
0.1132,e70890a99f15fd000c70f9d1a4ec50c4,3,0.999330573
0.1133,e739dae8872120bd9c58ff3f4afc28b3,1,0.472298883
0.1134,e747694a818ae82e58f977992c196fd0,1,0.999656972
0.1135,e76e73dc0167eaad9acd3336d3a6fe57,3,0.378434512
0.1136,e7831a959f0040d4cb6ca258a3278970,2,0.888396709
0.1137,e7915e9f27c3326f01f59c36de816fea,1,0.99793377
0.1138,e81f8385b086117feb6ce7bd5570939b,1,0.998813452
0.1139,e838a9bc284aa7aba7a91e3c6ac34664,3,0.485500215
0.114,e84c32bc1e16ef1ae04b3ecd485343b5,4,0.327217088
0.1141,e87f2dec671854bae47c21738dc2bc9f,2,0.60911711
0.1142,e8b7e21e5fb02a72d7b37753ff87c034,2,0.297666567
0.1143,e8dd0d4ce2d6025b33df7b2b7172cc73,1,0.997040202
0.1144,e92f05290e4365a32c79d1d206895e6b,2,0.252106939
0.1145,e9545cc5d58b98d95f826c8b3a897e78,4,0.835863785
0.1146,e964aa32d97c77531bfdd89710e77463,1,0.99793377
0.1147,e9790c43e8e9a2bb8e0dd0eb8846e4d2,2,0.739079006
0.1148,e99ad750efaa341c938b993bcc9b5c6c,7,0.03621296
0.1149,e9c289e8fbbc6512847ae35abcb8cea0,2,0.309369253
0.115,ea2f38ed277e967ce10b6f4a7c37083f,8,0.837590186
0.1151,ea4d8f6a1c49774ead169c21c3509191,5,0.999236809
0.1152,eb0dc256a0686e456787124a7cf8ef87,2,0.633866988
0.1153,eb2625c1474f98f554b002fcd5d1088e,3,0.999691746
0.1154,eb62caf70cc834f23d2bc8ad7d74194d,1,0.99839255
0.1155,eb79af3a1a9aa989f04b9161f7cfbcd5,4,0.823749396
0.1156,ebb55f5b7e1873926e89ecc64280ba00,2,0.999095622
0.1157,ec1a5b5c08ef9b577414cf5a7c2cae47,3,0.445783367
0.1158,ec94d812578db7dd0670073ea694fae1,1,0.243286857
0.1159,ec9562edcf3986f9a56ee377d8ff737c,2,0.60911711
0.116,eca45157dcf656e388bb7890651f2275,3,0.938490458
0.1161,ecc089e109208b57062e5f8b85c312dc,3,0.999579046
0.1162,ed4897364210960229ae8b3074c5a6ed,2,0.736510152
0.1163,ed5044fa84ec4b34bc168aee3a745074,1,0.457490208
0.1164,ed69b64a4b1814ef4240d4eb0bcd2886,2,0.419247406
0.1165,edd3b6fffacf1c7dd116a9f09b4d31fd,2,0.359132633
0.1166,ede7c4645eae753ffcd58b813489e73a,3,0.658310498
0.1167,edfd9fe7b9fc7af35fba481211003097,4,0.392602669
0.1168,ee23936eb7d1dd1c67d0bfa7f12f9454,2,0.999485964
0.1169,ee279c64d4b8ca7b8abd12858f46f0b7,3,0.274881828
0.117,ee73809dd17b2e7410b1fe3c532ae6d0,2,0.237924693
0.1171,eed53f5aa4a5d05a3f755eaf7a74d2ba,1,0.789569298
0.1172,eeeed3b2d3c1b564de65cc51a04891b5,2,0.99793377
0.1173,ef0d456ffb964fa22eeb645250089346,3,0.396117022
0.1174,ef10350c2e73a3b1679aab84d3d38421,5,0.999997957
0.1175,efac4d7f33f23196863f90cc7c2336a3,3,0.787026907
0.1176,efbe1f58b1e2984ddc53a64f047d94ff,8,0.844273537
0.1177,eff2554ceef01ce4632ef573a623f065,2,0.644969989
0.1178,f07b0164c6ba8a5a2babbf6afd3972c6,3,0.454373816
0.1179,f08ccf545d92c6c50e4576aa7f303ec0,1,0.637800306
0.118,f109244f34c41057dc6b66288e78853c,1,0.999780422
0.1181,f120ef7fdc1d1bc82a59ee02f4fa3683,1,0.620522475
0.1182,f130377a54aac0d9f64c341976744ed6,3,0.459213753
0.1183,f1514ec42b93d5d8f5b1795cb832e251,1,0.998461159
0.1184,f15b29f8cd5dc2b290818ad676b17429,9,0.565291366
0.1185,f16d924f6b42e925f85b43b821430acf,6,0.686790041
0.1186,f1960d1e0e6f85a13b8de3fb08197898,2,0.99793377
0.1187,f1a7b69f070854ad5bbcdf0c98f706fa,3,0.447575728
0.1188,f1c459d6339734adb1079357e4d980d7,4,0.335277543
0.1189,f1e34308d952529287ada31976faec95,2,0.645468445
0.119,f1f944f4706af3deccadcf7e7c49e0bf,4,0.996006146
0.1191,f220e880e01e922b290258a70aa2a7ae,2,0.850976266
0.1192,f23c41b25a889f4318ed47a291fdc587,3,0.574207801
0.1193,f2ba205e853f4a6d2585b7c06f7972ca,1,0.99883316
0.1194,f2d4e9e8e9bc07e40b9d21ab8d86f4c9,3,0.809882781
0.1195,f2e11183a84f5734559569cf9d2e3210,3,0.292262192
0.1196,f30f81ff3bcfb9c8e37025edd3d4d3d5,3,0.45502381
0.1197,f316de4702f1ed720ecd34f9dcc9227c,2,0.998624366
0.1198,f33747d89a8bca89e15add60f9c37f00,3,0.400847403
0.1199,f34cdcd73e535507d29c29b19d01f658,2,0.825266937
0.12,f36ea145be9e036f9307bc28da74da86,2,0.997930572
0.1201,f383909fa89e9aea517851b04d1ca528,4,0.504480279
0.1202,f38674716d5bc5fd72d00bd2d492d1cf,2,0.99793377
0.1203,f3a1437a0e7d93f7bc24c3730216c44b,3,0.814166939
0.1204,f3a5a1bd1a38e446b3f3d31106009dd6,2,0.789541385
0.1205,f42513548e5d7fec9710c2c4da2f584e,2,0.23882827
0.1206,f42bfe77affb8cc1e23e65700f245218,3,0.668314684
0.1207,f48f7892b29ea9c6788872a536180019,2,0.505305637
0.1208,f4a7909b071e30dcddb199dade2836f5,1,0.475150559
0.1209,f4ca24355cdbac7181b362a21da39d70,1,0.999511127
0.121,f4e9a31522d979abe46886929854da65,3,0.655277863
0.1211,f52cc1224cac807cd42d9a901ed53c9b,3,0.174346978
0.1212,f594450cbd6f8aa1ab5800f13d5526b1,2,0.794744803
0.1213,f5c63186fca7e9ba232b58a81b1dda90,4,0.830298621
0.1214,f5dceaa232a9d10abfab64ad8fc14b0a,3,0.823654512
0.1215,f63b78baeb10f7675a1acec8e404dfa4,4,0.709649735
0.1216,f672aa3aea2d03f0b297739022e9b716,2,0.773293344
0.1217,f698bc60e827ed25fbba1b6bc4745a33,2,0.60911711
0.1218,f6c23d47fbf1f56fafaab12b147026ed,6,0.480504877
0.1219,f79f36f908807703a1c686614ea9d275,1,0.709167526
0.122,f7a6d59ef861b15876ba60fb1442d790,2,0.997930019
0.1221,f7f3a5b08b858e3399ee253e7e03d0f2,2,0.782678232
0.1222,f7fdb8a7b2c2859bf66513d0fd3c267a,8,0.999997957
0.1223,f80c80d5b3d2a65ffef83d724fc550fc,10,0.999058702
0.1224,f830b4c3bae7a411e20767a939b07ffa,4,0.708858017
0.1225,f86d86a4b0889d3f01fdb847a56f3e8c,4,0.716867777
0.1226,f8a5595e851d6ee07eb9a3d2fbf87f8c,1,0.632085227
0.1227,f8ae1e290e95e28572ada1e76b839cdd,3,0.371930906
0.1228,f8c45d08721a7d609ff4f87894d46cc8,1,0.476377469
0.1229,f8c551563838394ff8a2328f12ff75a7,3,0.755122082
0.123,f9117bde133ad80998f6d4424a51f659,2,0.770101817
0.1231,f9431bfa2ecf5582f3368530f500f360,1,0.999657437
0.1232,f9491c3e6b9696bee439b98d32336180,5,0.797061384
0.1233,f9d68982db56a08df1023f92885fc021,2,0.633866988
0.1234,f9e864a4b56320d9a9d165537511a13a,3,0.731465026
0.1235,fa1876f5c4a409d6d8e830711d472ffb,3,0.276672811
0.1236,fa74a097a0d6986b7fb5b93ec656213e,1,0.997195897
0.1237,faddd8e314b22b3bad748e121ca59be5,3,0.396117022
0.1238,fb2dab56bf8047ade734c2fceccb49e4,1,0.999942091
0.1239,fb5e7c37417f293264c320d08483a733,4,0.71540047
0.124,fb800d4d7cd0a8e0da07b414fcf21b8c,3,0.999941252
0.1241,fb9472158217a2bed14fcaa4f125b7cf,7,0.354109662
0.1242,fbc0d28c02aad50d168fe81446d181bf,1,0.564030986
0.1243,fc1b83cf7e32f815fbcd9059bf024f3d,3,0.81685748
0.1244,fc7b257064027e1bc2b6fbfb4584677d,2,0.801805411
0.1245,fc85fb11b3e137d36ce17c34ae20d479,3,0.400247374
0.1246,fc8fff62b525ee1503767349feef94e6,2,0.485606937
0.1247,fce00484418365a7e9e270aa98536d27,4,0.257946043
0.1248,fce55029668b66a167e5aa2ec15d059b,1,0.999734565
0.1249,fd2899fba49792389b004ff5b4edc105,4,0.031178303
0.125,fd3acdbb6eaf9e3669c9f303a6fa0b28,6,0.789154502
0.1251,fd425a14183210ce28ce469b5da76ec0,1,0.999765896
0.1252,fd496fd32dc8c08ade2e8b6c9d8ee13d,6,0.844274493
0.1253,fe74b8d01b99dcb6f90dff0d3de037ff,2,0.60911711
0.1254,fe7b5b769375b837bb6d4bfa6dee234f,3,0.389409815
0.1255,fea19ccfe34b822957223c58755bf87f,1,0.99793377
0.1256,fea4627c2c543e0107a702a8ee828afc,1,0.278229934
0.1257,feb8c46558157272bebaf8a70e7e16d6,1,0.99793377
0.1258,febe395a1acd0e0e1b2c154aebb8e3a4,1,0.999327083
0.1259,fecd0294f7ecdb7bc5c54d01e9f541f0,1,0.99793377
0.126,feceba4a638be31ee4b7e03b883a9305,3,0.488301926
0.1261,fef3018fe3a9e60d9c24d53e887095a4,2,0.808274038
0.1262,ff187665916653d2693da609575d4239,7,0.067789147
0.1263,ff2e65ab7ee1a994f929993a4cd98b2d,2,0.505305637
0.1264,ff54c5c3ff328bfdcd1b2354f5af0ae1,2,0.60911711
0.1265,ff550286c28712e146b19e73df28e3ae,1,0.99793377
0.1266,ffd660f96ba6668b2d8d86fc4e150862,2,0.606304589
0.1267,fff345bf78b5dad23ff882f5116df138,14,0.128072563