"","OTU","Wlab","Wlight","Z","Gi","Mlight","Mheavymax","Mlab","A","A_CI_low","A_CI_high","Incorporator","CM_control","CM_treatment","delta_BD","Culture","Substrate","copy_number","id","Domain","Phylum","Class","Order","Family","Genus","Species"
"1","00feb692689d706370ba89503e9ae97e",1.76255506471446,1.76347740108288,-0.000922336368419208,1.4061313089225,308.388441129226,317.661727792563,308.22714738388,-0.0172000933230388,-0.0172000933230388,-0.0172000933230388,FALSE,1.78135537444492,1.77714043630272,-0.00421493814220364,"Chemostat","Multi",2,"chemo_carb","Bacteria","Proteobacteria","Deltaproteobacteria","Bdellovibrionales","Bdellovibrionaceae","Bdellovibrio","metagenome"
"2","02dd75f976cd05e6517f3d4da0a1a415",1.76181206156995,1.76111117414498,0.000700887424971208,1.37779529788259,308.37438646775,317.661805098868,308.497113376097,0.0130674766866945,0.0130674766866945,0.0130674766866945,TRUE,1.77205223760313,1.7507136537793,-0.02133858382383,"Chemostat","Multi",3,"chemo_carb","Bacteria","Proteobacteria","Alphaproteobacteria","Rhizobiales","Xanthobacteraceae","",""
"3","06eb32e29df10778b60c49356ef3b5e0",1.76995148840289,1.77905782605606,-0.00910633765316904,1.59270981792996,308.480984069693,317.661218769075,306.901984242156,-0.1700886209901,-0.1700886209901,-0.1700886209901,FALSE,1.79254366063076,1.77268086113843,-0.0198627994923313,"Batch","Single",3,"batch_glu","Bacteria","Proteobacteria","Gammaproteobacteria","Francisellales","Francisellaceae","[Caedibacter] taeniospiralis group",""
"4","07eb166d091e1aebe641105881f4f2d3",1.76907502849364,1.76484772539254,0.00422730310109154,1.42254119934548,308.396580434875,317.6616830231,309.135276358654,0.078842871295655,0.078842871295655,0.078842871295655,TRUE,1.78052296716351,1.76471516596132,-0.0158078012021932,"Chemostat","Multi",2,"chemo_carb","Bacteria","Proteobacteria","Gammaproteobacteria","Betaproteobacteriales","Rhodocyclaceae","Zoogloea",""
"5","0893f5bbbc8d21217aa590338706fe49",1.76323466841042,1.78780528233715,-0.0245706139267274,1.69746224627154,308.532941274151,317.6609329835,304.292633977478,-0.459376797899173,-0.459376797899173,-0.459376797899173,FALSE,1.79328298038984,1.75211643590171,-0.0411665444881346,"Chemostat","Multi",1,"chemo_carb","Bacteria","Planctomycetes","OM190","","","",""
"6","0ae5531a9802e71139c959faebdde10c",1.769419818423,1.76458012432574,0.00483969409725615,1.41933662641893,308.394990966704,317.661691765816,309.240822446289,0.0902621482221298,0.0902621482221298,0.0902621482221298,TRUE,1.77639226533255,1.75833842650015,-0.0180538388324045,"Chemostat","Multi",2,"chemo_carb","Bacteria","Proteobacteria","Alphaproteobacteria","Reyranellales","Reyranellaceae","Reyranella",""
"7","0b06017e8169c7ce93b22574992470dc",1.79678763771413,1.77386331291021,0.022924324803919,1.53050454949602,308.45013025655,317.661388477488,312.436351134083,0.427946387034131,0.427946387034131,0.427946387034131,TRUE,1.78523726843794,1.79074209959669,0.00550483115875755,"Batch","Single",2,"batch_glu","Bacteria","Bacteroidetes","Bacteroidia","Flavobacteriales","Cryomorphaceae","uncultured",""
"8","0b06017e8169c7ce93b22574992470dc",1.7873914301786,1.7738173833281,0.0135740468504981,1.52995453414247,308.449857448935,317.66138997804,310.810254215475,0.253396191281397,0.253396191281397,0.253396191281397,TRUE,1.78323856917476,1.78839280954793,0.00515424037317436,"Batch","Multi",2,"batch_carb","Bacteria","Bacteroidetes","Bacteroidia","Flavobacteriales","Cryomorphaceae","uncultured",""
"9","0e4971b9fdfe3044222a19f5b7f167dc",1.78529746478924,1.7757365241488,0.00956094064044177,1.55293660513977,308.461256556149,317.661327278354,310.122077136062,0.178516561790587,0.178516561790587,0.178516561790587,TRUE,1.7762839437008,1.78252026590545,0.00623632220465398,"Batch","Single",3,"batch_glu","Bacteria","Actinobacteria","Actinobacteria","PeM15","uncultured bacterium","uncultured bacterium","uncultured bacterium"
"10","0e4971b9fdfe3044222a19f5b7f167dc",1.79163575327394,1.77356837458432,0.0180673786896175,1.52697260776852,308.448378413453,317.661398113331,311.590548593557,0.337267633128748,0.337267633128748,0.337267633128748,TRUE,1.7823271351431,1.79362912499566,0.0113019898525539,"Batch","Multi",3,"batch_carb","Bacteria","Actinobacteria","Actinobacteria","PeM15","uncultured bacterium","uncultured bacterium","uncultured bacterium"
"11","101ab1c0cf819a3e48e09b3356bb6f3d",1.75220152906458,1.74880341544436,0.00339811362021347,1.23040758082489,308.301282160089,317.662207202038,308.90034479731,0.0632849481061913,0.0632849481061913,0.0632849481061913,TRUE,1.77061717699414,1.7460973779336,-0.0245197990605364,"Chemostat","Multi",1,"chemo_carb","Bacteria","Verrucomicrobia","Verrucomicrobiae","Opitutales","Opitutaceae","Ambiguous_taxa","Ambiguous_taxa"
"12","1083eb67a7140dca982f34e3968117a3",1.76705111255785,1.76315197663489,0.0038991359229561,1.40223429016948,308.386508207924,317.66173842441,309.068491909978,0.0727103541756847,0.0727103541756847,0.0727103541756847,TRUE,1.7879692730081,1.75815880142366,-0.0298104715844485,"Chemostat","Multi",2,"chemo_carb","Bacteria","Proteobacteria","Alphaproteobacteria","Rhodospirillales","Magnetospirillaceae","Magnetospirillum",""
"13","11b50e80047289f589868d85531954f4",1.7920166256022,1.78252946309517,0.00948716250703385,1.63428332209865,308.501604527761,317.661105348241,310.143543646542,0.17726875964929,0.17726875964929,0.17726875964929,TRUE,1.79604617229866,1.78348970956583,-0.0125564627328256,"Batch","Single",3,"batch_glu","Bacteria","Bacteroidetes","Bacteroidia","Flavobacteriales","Crocinitomicaceae","Fluviicola",""
"14","11b50e80047289f589868d85531954f4",1.79103003342131,1.77382072655609,0.0172093068652157,1.52999456992422,308.449877306682,317.661389868814,311.442405532133,0.321258234661779,0.321258234661779,0.321258234661779,TRUE,1.7848673781307,1.7929524642452,0.00808508611449299,"Batch","Multi",3,"batch_carb","Bacteria","Bacteroidetes","Bacteroidia","Flavobacteriales","Crocinitomicaceae","Fluviicola",""
"15","123fa4546d88beaa1017c112c3c600cc",1.78610855791754,1.77028288560129,0.0158256723162526,1.48762826145772,308.428863617683,317.661505452577,311.186103247681,0.295321785692559,0.295321785692559,0.295321785692559,TRUE,1.78474941997966,1.78269159730046,-0.00205782267919985,"Batch","Single",1,"batch_glu","Bacteria","Bacteroidetes","Bacteroidia","Chitinophagales","Chitinophagaceae","Sediminibacterium",""
"16","137dc661fa672b506fd805198510edf9",1.76612646768037,1.76227065131822,0.00385581636214694,1.39168025433167,308.381273406148,317.66176721793,309.056006063638,0.0718964765312738,0.0718964765312738,0.0718964765312738,TRUE,1.77725399005817,1.75373512822649,-0.02351886183168,"Chemostat","Multi",3,"chemo_carb","Bacteria","Proteobacteria","Gammaproteobacteria","Betaproteobacteriales","Burkholderiaceae","",""
"17","1583d8af9fd9cb078f88c0e1a8b8a888",1.76974239629105,1.76343010673033,0.00631228956071306,1.40556495018719,308.388160215293,317.661729337703,309.492051635171,0.117713536150649,0.117713536150649,0.117713536150649,TRUE,1.77873569770985,1.76569738213643,-0.0130383155734233,"Chemostat","Multi",2,"chemo_carb","Bacteria","Proteobacteria","Alphaproteobacteria","Rhizobiales","Xanthobacteraceae","Ancylobacter",""
"18","177d2176a3368f43cc132f9e34a9405c",1.78883225094336,1.77350210564878,0.0153301452945871,1.52617902484583,308.447984796324,317.661400278384,311.114207975698,0.286169144622348,0.286169144622348,0.286169144622348,TRUE,1.78175456440121,1.78820266539751,0.00644810099630577,"Batch","Multi",1,"batch_carb","Bacteria","Planctomycetes","Planctomycetacia","Pirellulales","Pirellulaceae","uncultured",""
"19","177d2176a3368f43cc132f9e34a9405c",1.78638952069822,1.77534612704201,0.0110433936562084,1.54826152662096,308.458937717204,317.661340032903,310.377681011315,0.206187636700487,0.206187636700487,0.206187636700487,TRUE,1.78754523331459,1.78103572550721,-0.00650950780737958,"Batch","Single",1,"batch_glu","Bacteria","Planctomycetes","Planctomycetacia","Pirellulales","Pirellulaceae","uncultured",""
"20","1bccea8882fb44e316fa3626a2062514",1.78572643640541,1.77295907169391,0.0127673647114976,1.51967609146539,308.444759341367,317.661418019687,310.665919885191,0.238316113413708,0.238316113413708,0.238316113413708,TRUE,1.77915499543442,1.78600795729232,0.00685296185790341,"Batch","Multi",1,"batch_carb","Bacteria","Planctomycetes","Planctomycetacia","Pirellulales","Pirellulaceae","uncultured",""
"21","1bccea8882fb44e316fa3626a2062514",1.78088582746618,1.77517696958091,0.0057088578852682,1.54623583432219,308.457932973824,317.661345559397,309.449914355459,0.106586350231216,0.106586350231216,0.106586350231216,TRUE,1.78790897923086,1.77683007301485,-0.0110789062160073,"Batch","Single",1,"batch_glu","Bacteria","Planctomycetes","Planctomycetacia","Pirellulales","Pirellulaceae","uncultured",""
"22","1c2b8892a0d7f828d72808cd01cfd199",1.77290817355272,1.75868769348712,0.0142204800656089,1.34877366281603,308.359991736757,317.661884275693,310.85334353069,0.265069160460827,0.265069160460827,0.265069160460827,TRUE,1.77217316136552,1.76397102686537,-0.00820213450015905,"Chemostat","Multi",2,"chemo_carb","Bacteria","Proteobacteria","Alphaproteobacteria","Rhizobiales","Devosiaceae","Devosia",""
"23","1e104b993416995498346089f57fd3bf",1.76882616086159,1.76332832303351,0.00549783782808233,1.40434607134231,308.387555651386,317.661732663048,309.349069594662,0.102524383763967,0.102524383763967,0.102524383763967,TRUE,1.77785535842395,1.76482535506047,-0.0130300033634778,"Chemostat","Multi",2,"chemo_carb","Bacteria","Proteobacteria","Gammaproteobacteria","Betaproteobacteriales","Methylophilaceae","Methylophilus",""
"24","20ada5c0fa2722151f9039d1896592e8",1.79330969805668,1.77006483830317,0.0232448597535029,1.48501710419818,308.427568483682,317.661512576336,312.47790348745,0.433761164720641,0.433761164720641,0.433761164720641,TRUE,1.77951586710477,1.79165799916855,0.0121421320637787,"Batch","Single",3,"batch_glu","Bacteria","Verrucomicrobia","Verrucomicrobiae","Verrucomicrobiales","Verrucomicrobiaceae","Prosthecobacter",""
"25","211b7bfb480d7e0ba8224a99279d1055",1.79786380716748,1.77520336091665,0.0226604462508322,1.5465518755137,308.458089730255,317.661344697173,312.395552962274,0.423079536014006,0.423079536014006,0.423079536014006,TRUE,1.78642221645691,1.79067094067335,0.00424872421643951,"Batch","Single",2,"batch_glu","Bacteria","Bacteroidetes","Bacteroidia","Chitinophagales","Saprospiraceae","Candidatus Aquirestis",""
"26","211b7bfb480d7e0ba8224a99279d1055",1.79332716161793,1.77349863492703,0.0198285266909035,1.52613746230244,308.447964181302,317.661400391775,311.896553636109,0.370140685065362,0.370140685065362,0.370140685065362,TRUE,1.78169514807787,1.79714706163104,0.0154519135531672,"Batch","Multi",2,"batch_carb","Bacteria","Bacteroidetes","Bacteroidia","Chitinophagales","Saprospiraceae","Candidatus Aquirestis",""
"27","21bdb6c8cb7ed339792d39838ea86d08",1.76458779495428,1.75269643254218,0.0118913624120949,1.27702719016814,308.324405486323,317.66208001442,310.4162664487,0.221534334573792,0.221534334573792,0.221534334573792,TRUE,1.76511758325119,1.75367860009744,-0.0114389831537516,"Chemostat","Multi",2,"chemo_carb","Bacteria","Proteobacteria","Gammaproteobacteria","Diplorickettsiales","Diplorickettsiaceae","Aquicella",""
"28","2461a8cf82261ae32270bfb8a9e60b2e",1.76466234776252,1.79645715572007,-0.0317948079575574,1.80107005149419,308.584330745541,317.660650320685,303.122814725788,-0.595045800968917,-0.595045800968917,-0.595045800968917,FALSE,1.7964442483099,1.75494805389334,-0.0414961944165544,"Chemostat","Multi",1,"chemo_carb","Bacteria","Proteobacteria","Alphaproteobacteria","","","",""
"29","27af011f1ebcc0867bb168193e6a9d27",1.76922966994311,1.76142267654139,0.00780699340172486,1.38152559745869,308.37623669634,317.661794921865,309.74302462135,0.145559339968665,0.145559339968665,0.145559339968665,TRUE,1.7885718791888,1.75594592021713,-0.0326259589716724,"Chemostat","Multi",2,"chemo_carb","Bacteria","Proteobacteria","Gammaproteobacteria","Betaproteobacteriales","Burkholderiaceae","",""
"30","27c7baf02d6ba15f77c56b6acb9434c0",1.78819543214491,1.78941106962261,-0.00121563747770237,1.71669184995818,308.542479157579,317.660880521295,308.332870640289,-0.0227319757058029,-0.0227319757058029,-0.0227319757058029,FALSE,1.79414909956028,1.77789252413371,-0.0162565754265696,"Batch","Single",2,"batch_glu","Bacteria","Chloroflexi","Chloroflexia","Chloroflexales","Roseiflexaceae","uncultured","uncultured Roseiflexus sp."
"31","282d970c7e74112691085e63921dbcfd",1.78764453526369,1.77432549027056,0.013319044993134,1.53603921000355,308.452875448162,317.661373377827,310.768289248439,0.248649038695594,0.248649038695594,0.248649038695594,TRUE,1.78441532503846,1.78375123561373,-0.000664089424723846,"Batch","Multi",1,"batch_carb","Bacteria","Bacteroidetes","Bacteroidia","Chitinophagales","Chitinophagaceae","Sediminibacterium",""
"32","282d970c7e74112691085e63921dbcfd",1.78479609399105,1.78226209873507,0.00253399525598019,1.63108158377924,308.500016465554,317.661114083223,308.938637462291,0.0473466077514161,0.0473466077514161,0.0473466077514161,TRUE,1.7962786350268,1.77981507278168,-0.0164635622451235,"Batch","Single",1,"batch_glu","Bacteria","Bacteroidetes","Bacteroidia","Chitinophagales","Chitinophagaceae","Sediminibacterium",""
"33","285bfcf58e6f5f2669ba8a2efb4ed898",1.77377752570669,1.75722032947209,0.0165571962346023,1.3312017037349,308.351276045052,317.661932215512,311.256678686394,0.308583712662941,0.308583712662941,0.308583712662941,TRUE,1.76475356313303,1.7502236407197,-0.0145299224133206,"Chemostat","Multi",3,"chemo_carb","Bacteria","Verrucomicrobia","Verrucomicrobiae","Verrucomicrobiales","Verrucomicrobiaceae","Prosthecobacter",""
"34","29731c1ae123c2faa2b4184d96385388",1.79186875203683,1.77617004546298,0.0156987065738461,1.55812810412402,308.463831539645,317.661313114906,311.190193912637,0.29313090899309,0.29313090899309,0.29313090899309,TRUE,1.78364676167211,1.7863071580007,0.00266039632858028,"Batch","Single",6,"batch_glu","Bacteria","Actinobacteria","Actinobacteria","PeM15","","",""
"35","29b2870e522fa2d0b60ae25278a57c5b",1.7671316545327,1.76318296376818,0.00394869076451676,1.40260536689794,308.386692261981,317.661737412038,309.077331695697,0.0736346626208581,0.0736346626208581,0.0736346626208581,TRUE,1.78320937472789,1.75062163581648,-0.0325877389114095,"Chemostat","Multi",3,"chemo_carb","Bacteria","Proteobacteria","Gammaproteobacteria","Betaproteobacteriales","","",""
"36","29f3083d2d8f993bec5a67e7af219321",1.76052049581296,1.76441463707173,-0.00389414125877052,1.41735488553797,308.394008023227,317.661697172401,307.713368787206,-0.0726260600010917,-0.0726260600010917,-0.0726260600010917,FALSE,1.77482200398221,1.74489065476579,-0.0299313492164186,"Chemostat","Multi",1,"chemo_carb","Bacteria","Verrucomicrobia","Verrucomicrobiae","Opitutales","Opitutaceae","Lacunisphaera",""
"37","2aee17e668dd944e7792d625ec479fcf",1.76749822885835,1.79459339519374,-0.027095166335388,1.7787511699008,308.573260580271,317.660711211058,303.914353529533,-0.506977801072399,-0.506977801072399,-0.506977801072399,FALSE,1.79587831679149,1.76933003280143,-0.0265482839900542,"Batch","Single",1,"batch_glu","Bacteria","Proteobacteria","Alphaproteobacteria","Rhodospirillales","Magnetospiraceae","uncultured",""
"38","2b4e6ccd11a78681bceaffed2053907f",1.7924370156501,1.773973690089,0.0184633255611053,1.53182633689788,308.450785863101,317.661384871388,311.66110815299,0.344673362323261,0.344673362323261,0.344673362323261,TRUE,1.78748686555266,1.78546054806521,-0.00202631748744797,"Batch","Single",3,"batch_glu","Bacteria","Bacteroidetes","Bacteroidia","Flavobacteriales","Cryomorphaceae","uncultured","uncultured Bacteroidetes/Chlorobi group bacterium"
"39","2b4e6ccd11a78681bceaffed2053907f",1.7874427518537,1.77419823878063,0.0132445130730703,1.5345153495633,308.452119613383,317.661377535223,310.754736108733,0.247254347778592,0.247254347778592,0.247254347778592,TRUE,1.78453119381785,1.78793929965323,0.00340810583537987,"Batch","Multi",3,"batch_carb","Bacteria","Bacteroidetes","Bacteroidia","Flavobacteriales","Cryomorphaceae","uncultured","uncultured Bacteroidetes/Chlorobi group bacterium"
"40","2c070f4880cc78c48ec292dd9c89b597",1.80308608234147,1.77496402865118,0.0281220536902897,1.54368582678102,308.456668170083,317.661352516327,313.343772834395,0.525036748979834,0.525036748979834,0.525036748979834,TRUE,1.78422430845565,1.79763084204197,0.0134065335863232,"Batch","Single",2,"batch_glu","Bacteria","Proteobacteria","Alphaproteobacteria","Caulobacterales","Caulobacteraceae","Caulobacter",""
"41","2c070f4880cc78c48ec292dd9c89b597",1.79429393641027,1.7729980930493,0.0212958433609687,1.52014337950929,308.444991116237,317.661416744832,312.149787101093,0.397510620377909,0.397510620377909,0.397510620377909,TRUE,1.77725357016145,1.79744376242682,0.0201901922653696,"Batch","Multi",2,"batch_carb","Bacteria","Proteobacteria","Alphaproteobacteria","Caulobacterales","Caulobacteraceae","Caulobacter",""
"42","2da31e61296f678bb466e1ae0593e33d",1.7845788659711,1.7748094326455,0.00976943332560642,1.54183451063989,308.455749917277,317.661357567088,310.153643689582,0.182391676929293,0.182391676929293,0.182391676929293,TRUE,1.78112038078792,1.78054650829244,-0.000573872495481798,"Batch","Single",1,"batch_glu","Bacteria","Planctomycetes","Planctomycetacia","Pirellulales","Pirellulaceae","uncultured",""
"43","304d1a8fe851969c2eb82c85f9f88c11",1.7822083555956,1.77651094807053,0.00569740752507819,1.5622104767385,308.465856396462,317.661301977377,309.455130171201,0.106387518634681,0.106387518634681,0.106387518634681,TRUE,1.78793459727356,1.77895188471719,-0.00898271255636307,"Batch","Single",2,"batch_glu","Bacteria","Proteobacteria","Alphaproteobacteria","Caulobacterales","Caulobacteraceae","",""
"44","34327ad682b105ca4607c44af24c5dd2",1.7766039874632,1.76424343272011,0.0123605547430912,1.41530468134156,308.392991121945,317.661702765768,310.553638784537,0.230521556269867,0.230521556269867,0.230521556269867,TRUE,1.77889240719189,1.77628265369196,-0.00260975349992476,"Chemostat","Multi",3,"chemo_carb","Bacteria","Bacteroidetes","Bacteroidia","Cytophagales","Cyclobacteriaceae","",""
"45","36dae39c87c9e05e2a808f08e5b671ce",1.76408401023693,1.76141937141288,0.00266463882404455,1.38148601792543,308.376217064891,317.661795029846,308.842722233245,0.0496814749407828,0.0496814749407828,0.0496814749407828,TRUE,1.78274637855993,1.76186929374909,-0.020877084810843,"Chemostat","Multi",1,"chemo_carb","Bacteria","Planctomycetes","vadinHA49","uncultured soil bacterium","uncultured soil bacterium","uncultured soil bacterium","uncultured soil bacterium"
"46","37762c5e9b1d5a5233d6caeef3660d6a",1.7727974404188,1.77673458169791,-0.00393714127911871,1.56488853133804,308.467184711544,317.661294671109,307.783639235088,-0.0735198617945303,-0.0735198617945303,-0.0735198617945303,FALSE,1.78457779496126,1.77331961290602,-0.0112581820552355,"Batch","Single",1,"batch_glu","Bacteria","Actinobacteria","Acidimicrobiia","Microtrichales","uncultured","",""
"47","3bb0bf5132b0f988573de9bd6059b22c",1.78422749205618,1.78102240224929,0.00320508980688428,1.61623598602846,308.49265304907,317.661154584983,309.047809826738,0.0598775808895145,0.0598775808895145,0.0598775808895145,TRUE,1.78714896004291,1.78244339176981,-0.00470556827309654,"Batch","Multi",2,"batch_carb","Bacteria","Proteobacteria","Gammaproteobacteria","Betaproteobacteriales","Burkholderiaceae","",""
"48","3bb0bf5132b0f988573de9bd6059b22c",1.77866325410032,1.77401205614616,0.00465119795415947,1.53228577762271,308.451013745701,317.661383617941,309.259726808908,0.0868289100076005,0.0868289100076005,0.0868289100076005,TRUE,1.79114706339036,1.77681089865564,-0.0143361647347164,"Batch","Single",2,"batch_glu","Bacteria","Proteobacteria","Gammaproteobacteria","Betaproteobacteriales","Burkholderiaceae","",""
"49","3c8a9630951999d2b809868618b05848",1.77964889000006,1.77443146536594,0.005217424634123,1.53730828163169,308.453504907689,317.661369915546,309.360461838063,0.0974035267570127,0.0974035267570127,0.0974035267570127,TRUE,1.79007634788354,1.77579517593319,-0.0142811719503448,"Batch","Single",2,"batch_glu","Bacteria","Proteobacteria","Alphaproteobacteria","Rhodobacterales","Rhodobacteraceae","",""
"50","3c8a9630951999d2b809868618b05848",1.78661980792121,1.7741790772696,0.0124407306516146,1.53428588687756,308.452005799891,317.661378161243,310.614903769025,0.232248523484692,0.232248523484692,0.232248523484692,TRUE,1.78178525214798,1.78759859641194,0.00581334426396807,"Batch","Multi",2,"batch_carb","Bacteria","Proteobacteria","Alphaproteobacteria","Rhodobacterales","Rhodobacteraceae","",""
"51","3d2961d34551d101a985e74adfc1e128",1.75938020171092,1.76460894375011,-0.00522874203919588,1.4196817444269,308.395162145236,317.661690824265,307.481351323464,-0.0975183141025981,-0.0975183141025981,-0.0975183141025981,FALSE,1.78052689873869,1.74758095328316,-0.0329459454555274,"Chemostat","Multi",2,"chemo_carb","Bacteria","Proteobacteria","Alphaproteobacteria","Rhizobiales","Rhizobiales Incertae Sedis","Phreatobacter","Ambiguous_taxa"
"52","3e5cc4006667756b128e551a166d5861",1.77542526398122,1.7633673119133,0.0120579520679125,1.40481297048482,308.38778723336,317.661731389254,310.496551035245,0.224859076954962,0.224859076954962,0.224859076954962,TRUE,1.77751793018249,1.77508387634467,-0.00243405383782758,"Chemostat","Multi",4,"chemo_carb","Bacteria","Proteobacteria","Gammaproteobacteria","Oceanospirillales","Saccharospirillaceae","",""
"53","3eef12286c142030d497dc480cc49332",1.77467237009243,1.78688450881858,-0.0122121387261453,1.6864358108229,308.527472162168,317.660963065821,306.418897001168,-0.228296496922955,-0.228296496922955,-0.228296496922955,FALSE,1.79633467067831,1.79502078459418,-0.00131388608413152,"Chemostat","Multi",4,"chemo_carb","Bacteria","Bacteroidetes","Bacteroidia","Cytophagales","Spirosomaceae","Dyadobacter",""
"54","3fa2974b1f70109275811beb1ae321c9",1.77820856949485,1.76446471437865,0.0137438551162017,1.4179545706734,308.394305467054,317.66169553634,310.79646552073,0.25632529122943,0.25632529122943,0.25632529122943,TRUE,1.78110719560326,1.78703344081369,0.00592624521042273,"Chemostat","Multi",3,"chemo_carb","Bacteria","Proteobacteria","Alphaproteobacteria","Rhizobiales","Xanthobacteraceae","Pseudoxanthobacter","Ambiguous_taxa"
"55","3fc227a79c6a108319409a05f87103f3",1.78679628661638,1.78233734028543,0.00445894633094768,1.63198261544594,308.500463377261,317.661111625029,309.272251623055,0.0833141781535415,0.0833141781535415,0.0833141781535415,TRUE,1.79098775242963,1.78125381860473,-0.00973393382489585,"Batch","Single",1,"batch_glu","Bacteria","Bacteroidetes","Rhodothermia","Rhodothermales","Rhodothermaceae","uncultured","uncultured Cytophaga sp."
"56","448ee48054e6edfd36e703a6baecc8a8",1.8168938951745,1.7768277368479,0.0400661583265944,1.56600408171751,308.467738024532,317.661291627664,315.423458589916,0.748179278655636,0.748179278655636,0.748179278655636,TRUE,1.7851762666404,1.81748701960566,0.03231075296526,"Batch","Single",8,"batch_glu","Bacteria","Proteobacteria","Gammaproteobacteria","Betaproteobacteriales","Chitinibacteraceae","Deefgea","Ambiguous_taxa"
"57","4744c03db226d903293f9342f292e94d",1.78612238313795,1.77396738286167,0.0121550002762769,1.53175080666866,308.450748400108,317.661385077449,310.56421393969,0.226909396850301,0.226909396850301,0.226909396850301,TRUE,1.78355232124346,1.78504001021301,0.00148768896954699,"Batch","Multi",3,"batch_carb","Bacteria","Bacteroidetes","Bacteroidia","Flavobacteriales","Crocinitomicaceae","Fluviicola",""
"58","4744c03db226d903293f9342f292e94d",1.78209869115822,1.7741974531866,0.00790123797162079,1.5345059419275,308.452114947196,317.661377560889,309.825780295813,0.147503745189561,0.147503745189561,0.147503745189561,TRUE,1.78603043725772,1.77820898212155,-0.00782145513616528,"Batch","Single",3,"batch_glu","Bacteria","Bacteroidetes","Bacteroidia","Flavobacteriales","Crocinitomicaceae","Fluviicola",""
"59","4800a9c596272fb238a316d893b0871e",1.78792516191832,1.77383250781756,0.0140926541007595,1.5301356527383,308.449947283758,317.661389483912,310.900504704095,0.26307780746405,0.26307780746405,0.26307780746405,TRUE,1.77970219702072,1.78202383404826,0.00232163702754518,"Batch","Single",3,"batch_glu","Bacteria","Bacteroidetes","Bacteroidia","Sphingobacteriales","NS11-12 marine group","",""
"60","4964f339e90a20437a19d7ec3bcd8a1a",1.78429408922542,1.7707345645862,0.0135595246392233,1.49303720195194,308.431546452168,317.661490695906,310.793382741623,0.253044950600348,0.253044950600348,0.253044950600348,TRUE,1.77925079341857,1.78701368081136,0.00776288739279352,"Batch","Multi",4,"batch_carb","Bacteria","Bacteroidetes","Bacteroidia","Cytophagales","Cyclobacteriaceae","uncultured",""
"61","4964f339e90a20437a19d7ec3bcd8a1a",1.79920557970211,1.77633762847869,0.0228679512234253,1.5601349421441,308.464826931303,317.661307639851,312.435895552109,0.42700473368998,0.42700473368998,0.42700473368998,TRUE,1.7895254329322,1.79634096746675,0.00681553453454464,"Batch","Single",4,"batch_glu","Bacteria","Bacteroidetes","Bacteroidia","Cytophagales","Cyclobacteriaceae","uncultured",""
"62","4d65f65496c3d0238ebf74738245e526",1.7903669983318,1.7738021777755,0.016564820556302,1.52977244480033,308.449767132621,317.661390474816,311.330254656654,0.309226559780975,0.309226559780975,0.309226559780975,TRUE,1.78253281633156,1.7910474046042,0.00851458827263629,"Batch","Multi",2,"batch_carb","Bacteria","Bacteroidetes","Bacteroidia","Flavobacteriales","Cryomorphaceae","uncultured",""
"63","4d65f65496c3d0238ebf74738245e526",1.79732595549665,1.77421004606828,0.0231159094283651,1.5346567440457,308.452189745047,317.661377149471,312.470965817772,0.431538411836363,0.431538411836363,0.431538411836363,TRUE,1.7848041132273,1.79105065034737,0.0062465371200704,"Batch","Single",2,"batch_glu","Bacteria","Bacteroidetes","Bacteroidia","Flavobacteriales","Cryomorphaceae","uncultured",""
"64","50db42495de3aa6b40560c8c73e032d5",1.76421545976937,1.76518458593192,-0.00096912616254663,1.42657516743607,308.398581283048,317.661672017628,308.229263504049,-0.0180756368216369,-0.0180756368216369,-0.0180756368216369,FALSE,1.78110026639949,1.76463108209052,-0.016469184308977,"Batch","Single",3,"batch_glu","Bacteria","Actinobacteria","Actinobacteria","PeM15","uncultured bacterium","uncultured bacterium","uncultured bacterium"
"65","520c7e89d0c7c72e7d85eed29aaedb70",1.7687160554289,1.76635769883509,0.00235835659381389,1.44062341430663,308.405549213496,317.661633691201,308.81731760052,0.0439918933113064,0.0439918933113064,0.0439918933113064,TRUE,1.78512342987969,1.75815046059208,-0.0269729692876119,"Chemostat","Multi",1,"chemo_carb","Bacteria","Planctomycetes","OM190","","","",""
"66","55ce73379b753a6d229a4febc0b1362d",1.79958373490521,1.77424077986483,0.0253429550403812,1.5350247870192,308.452372294362,317.661376145376,312.858253780047,0.473115436497058,0.473115436497058,0.473115436497058,TRUE,1.78661618886435,1.79498630209018,0.00837011322582715,"Batch","Single",2,"batch_glu","Bacteria","Bacteroidetes","Bacteroidia","Flavobacteriales","Flavobacteriaceae","",""
"67","55ce73379b753a6d229a4febc0b1362d",1.79062717739098,1.79324154438159,-0.00261436699060935,1.76256250307269,308.565231001524,317.660755376979,308.115373726631,-0.0489095838830164,-0.0489095838830164,-0.0489095838830164,FALSE,1.79173258133219,1.78914275859566,-0.00258982273652242,"Batch","Multi",2,"batch_carb","Bacteria","Bacteroidetes","Bacteroidia","Flavobacteriales","Flavobacteriaceae","",""
"68","5914e4ffa20a5fa0b95bf68e5c9777b6",1.78605659597536,1.77679598778088,0.00926060819447905,1.56562388068974,308.467549444822,317.661292664929,310.075273199133,0.172928279520266,0.172928279520266,0.172928279520266,TRUE,1.77531339869264,1.78356897940601,0.00825558071336552,"Batch","Single",2,"batch_glu","Bacteria","Chloroflexi","Chloroflexia","Chloroflexales","Roseiflexaceae","uncultured","uncultured Roseiflexus sp."
"69","5aad5881139a653bc5964f1d88d7aaee",1.77221002737707,1.76459521786321,0.00761480951385551,1.41951737435885,308.395080617682,317.661691272699,309.725906956856,0.142019321488203,0.142019321488203,0.142019321488203,TRUE,1.77680780957295,1.77620519445271,-0.000602615120245398,"Chemostat","Multi",4,"chemo_carb","Bacteria","Bacteroidetes","Bacteroidia","Cytophagales","Spirosomaceae","Dyadobacter",""
"70","5d2c9965718d1254c00a642f570eb604",1.76721279030297,1.77369041987628,-0.00647762957330444,1.52843412301243,308.449103325014,317.661394126026,307.322627694787,-0.120920831240415,-0.120920831240415,-0.120920831240415,FALSE,1.78317899750578,1.76927464357754,-0.0139043539282424,"Batch","Single",1,"batch_glu","Bacteria","Proteobacteria","Deltaproteobacteria","Bdellovibrionales","Bdellovibrionaceae","OM27 clade",""
"71","5ed8f8f3a98e669d81b30c56825e0870",1.77411833209108,1.76178628437524,0.0123320477158344,1.38587986941348,308.378396415229,317.66178304254,310.536965325007,0.22993571908819,0.22993571908819,0.22993571908819,TRUE,1.78276722043557,1.77294783838862,-0.00981938204695676,"Chemostat","Multi",1,"chemo_carb","Bacteria","Verrucomicrobia","Verrucomicrobiae","Opitutales","Opitutaceae","Diplosphaera","uncultured Desulfococcus sp."
"72","6070669b932f1826dc8b8e61495fd27c",1.7813051059962,1.77500000832674,0.00630509766945964,1.54411669013888,308.456881878309,317.661351340846,309.55257244616,0.117716170072974,0.117716170072974,0.117716170072974,TRUE,1.78423358857384,1.77780738925078,-0.00642619932306299,"Batch","Single",1,"batch_glu","Bacteria","Planctomycetes","Planctomycetacia","Pirellulales","Pirellulaceae","uncultured",""
"73","6267512d7ea98a0da430e5a6f96698e6",1.7872828751434,1.77533833781417,0.0119445373292315,1.54816824915774,308.458891451582,317.661340287383,310.53421347049,0.22301241684642,0.22301241684642,0.22301241684642,TRUE,1.7839602072568,1.78704783556422,0.00308762830742348,"Batch","Multi",1,"batch_carb","Bacteria","Actinobacteria","Actinobacteria","Frankiales","Sporichthyaceae","",""
"74","6267512d7ea98a0da430e5a6f96698e6",1.79365558916804,1.77435869232848,0.0192968968395584,1.53643681086965,308.453072658191,317.661372293093,311.807629517898,0.360248911134937,0.360248911134937,0.360248911134937,TRUE,1.78793795795293,1.78599647480196,-0.00194148315096343,"Batch","Single",1,"batch_glu","Bacteria","Actinobacteria","Actinobacteria","Frankiales","Sporichthyaceae","",""
"75","63413adbe8227f80412e824dffac1f5a",1.76914744264406,1.76284760084613,0.00629984179793719,1.39858933305544,308.384700309195,317.661748368582,309.486766547888,0.117474837684324,0.117474837684324,0.117474837684324,TRUE,1.77855117482651,1.76331135944882,-0.015239815377688,"Chemostat","Multi",2,"chemo_carb","Bacteria","Bacteroidetes","Bacteroidia","Sphingobacteriales","","",""
"76","64223c9ef560d611f5b9e7e5e78eb7ff",1.76700831541335,1.79802814333481,-0.0310198279214609,1.81988292260214,308.593661929611,317.66059899541,303.269761785892,-0.580652448586273,-0.580652448586273,-0.580652448586273,FALSE,1.80036707226304,1.7689291554445,-0.0314379168185408,"Batch","Single",1,"batch_glu","Bacteria","Proteobacteria","","","","",""
"77","64edc344889f4279a1292afbe81dc043",1.78115905246642,1.77380259672553,0.00735645574088961,1.52977746180555,308.449769621056,317.661390461129,309.728997130753,0.137327874586624,0.137327874586624,0.137327874586624,TRUE,1.78335113109306,1.77654872108505,-0.00680241000801263,"Batch","Single",1,"batch_glu","Bacteria","Proteobacteria","Alphaproteobacteria","SAR11 clade","Ambiguous_taxa","",""
"78","64edc344889f4279a1292afbe81dc043",1.78243253042368,1.7723662285215,0.0100663019021796,1.51257668337009,308.441238034952,317.661437388292,310.193055786372,0.187886498770657,0.187886498770657,0.187886498770657,TRUE,1.78665352450356,1.77922987668831,-0.00742364781524696,"Batch","Multi",1,"batch_carb","Bacteria","Proteobacteria","Alphaproteobacteria","SAR11 clade","Ambiguous_taxa","",""
"79","65a75a16ddf0882daec9e72eea3aa180",1.76595393489334,1.76019593701998,0.00575799787336351,1.36683516178454,308.368950240245,317.661835000312,309.377694620545,0.107343941694669,0.107343941694669,0.107343941694669,TRUE,1.7675912464897,1.75125659169435,-0.0163346547953467,"Chemostat","Multi",2,"chemo_carb","Bacteria","Proteobacteria","Gammaproteobacteria","Salinisphaerales","Solimonadaceae","Nevskia",""
"80","6650e53404090b74619be81139104295",1.75126977106336,1.78930576969514,-0.0380359986317802,1.71543086359232,308.541853708342,317.660883961518,301.983054354838,-0.711250607862057,-0.711250607862057,-0.711250607862057,FALSE,1.80597792693323,1.74116446172546,-0.0648134652077781,"Chemostat","Multi",2,"chemo_carb","Bacteria","Proteobacteria","Alphaproteobacteria","Rhizobiales","Xanthobacteraceae","Xanthobacter",""
"81","68262884f1021c896f8e1bf7348d773c",1.80793605472506,1.77320864403433,0.0347274106907378,1.52266476701465,308.446241724439,317.661409865983,314.487008189467,0.648239878302926,0.648239878302926,0.648239878302926,TRUE,1.77976012962641,1.80755550594196,0.0277953763155445,"Batch","Single",5,"batch_glu","Bacteria","Bacteroidetes","Bacteroidia","Flavobacteriales","Flavobacteriaceae","Flavobacterium",""
"82","68262884f1021c896f8e1bf7348d773c",1.7965623860696,1.77081499629939,0.0257473897702143,1.49400038679121,308.432024191848,317.661488068145,312.916580489982,0.48049621170679,0.48049621170679,0.48049621170679,TRUE,1.77282040105499,1.80061164016332,0.0277912391083299,"Batch","Multi",5,"batch_carb","Bacteria","Bacteroidetes","Bacteroidia","Flavobacteriales","Flavobacteriaceae","Flavobacterium",""
"83","6a679587c40215f64acb6b0231b57581",1.78498126618061,1.7757595268493,0.00922173933131232,1.55321206678917,308.461393185127,317.661326526839,310.063271434247,0.172183600745602,0.172183600745602,0.172183600745602,TRUE,1.77569513712758,1.78278691751181,0.00709178038422409,"Batch","Single",2,"batch_glu","Bacteria","Planctomycetes","Planctomycetacia","Planctomycetales","Rubinisphaeraceae","uncultured",""
"84","6b94959874b693c3304e68c57cefd287",1.78669145579569,1.77384483642279,0.0128466193728942,1.53028329009642,308.450020511888,317.661389081128,310.68389121338,0.239817479506402,0.239817479506402,0.239817479506402,TRUE,1.78042103671991,1.78671007222684,0.00628903550692428,"Batch","Multi",1,"batch_carb","Bacteria","Actinobacteria","Actinobacteria","Frankiales","Sporichthyaceae","Ambiguous_taxa",""
"85","6b94959874b693c3304e68c57cefd287",1.79499413857082,1.7750685731163,0.0199255654545236,1.54493776634368,308.457289132106,317.661349100786,311.919795312212,0.372012968239784,0.372012968239784,0.372012968239784,TRUE,1.78810155475503,1.78735704256875,-0.000744512186278801,"Batch","Single",1,"batch_glu","Bacteria","Actinobacteria","Actinobacteria","Frankiales","Sporichthyaceae","Ambiguous_taxa",""
"86","6e6f306a337ba255a7f4a7f8469ff691",1.78304140852697,1.77353313954839,0.00950826897857193,1.52655066160987,308.448169128158,317.661399264485,310.101821993515,0.177492248083912,0.177492248083912,0.177492248083912,TRUE,1.77955672694485,1.77983531967741,0.000278592732564364,"Batch","Multi",4,"batch_carb","Bacteria","Proteobacteria","Gammaproteobacteria","Cellvibrionales","Cellvibrionaceae","Cellvibrio",""
"87","6e6f306a337ba255a7f4a7f8469ff691",1.81333838930647,1.77420061941695,0.0391377698895263,1.5345438581293,308.452133753632,317.661377457446,315.256397319243,0.730641142733157,0.730641142733157,0.730641142733157,TRUE,1.78773561488374,1.81519494454095,0.0274593296572165,"Batch","Single",4,"batch_glu","Bacteria","Proteobacteria","Gammaproteobacteria","Cellvibrionales","Cellvibrionaceae","Cellvibrio",""
"88","70f086828189cd2b21299d41e077a74a",1.7843362889686,1.77669748468935,0.00763880427924213,1.56444428770811,308.466964366703,317.661295883094,309.793199579909,0.142641979737295,0.142641979737295,0.142641979737295,TRUE,1.79305340336702,1.77845860108159,-0.014594802285427,"Batch","Single",4,"batch_glu","Bacteria","Proteobacteria","Alphaproteobacteria","Rhodospirillales","Magnetospiraceae","uncultured",""
"89","710dab4db94586d934436dc307f766c9",1.79356206018528,1.77182643947766,0.0217356207076185,1.50611260840729,308.43803185377,317.661455023582,312.221750124818,0.405670679541169,0.405670679541169,0.405670679541169,TRUE,1.77651921595278,1.79830255435479,0.0217833384020085,"Batch","Multi",4,"batch_carb","Bacteria","Bacteroidetes","Bacteroidia","Flavobacteriales","Flavobacteriaceae","Flavobacterium",""
"90","710dab4db94586d934436dc307f766c9",1.80418760182928,1.77470546004064,0.0294821417886395,1.54058941921105,308.455132351929,317.661360963946,313.579316703751,0.550414609268864,0.550414609268864,0.550414609268864,TRUE,1.78498170192196,1.79902731943007,0.0140456175081132,"Batch","Single",4,"batch_glu","Bacteria","Bacteroidetes","Bacteroidia","Flavobacteriales","Flavobacteriaceae","Flavobacterium",""
"91","740d9b2ea5713119fec5849936b9128b",1.77028438455668,1.76578966512655,0.00449471943012814,1.43382110419072,308.402175267679,317.661652249264,309.187195860361,0.0838381245877316,0.0838381245877316,0.0838381245877316,TRUE,1.7861902827946,1.7652866875708,-0.0209035952238006,"Chemostat","Multi",1,"chemo_carb","Bacteria","Proteobacteria","Alphaproteobacteria","Sneathiellales","Sneathiellaceae","Ferrovibrio","Ambiguous_taxa"
"92","748289d833e671b4848c77b9443c2034",1.77098226487332,1.76315201633642,0.00783024853690839,1.40223476560265,308.386508443739,317.661738423112,309.756068744933,0.146017004234255,0.146017004234255,0.146017004234255,TRUE,1.7735210299048,1.76896877471064,-0.00455225519415192,"Chemostat","Multi",1,"chemo_carb","Bacteria","Proteobacteria","Alphaproteobacteria","Rickettsiales","Rickettsiaceae","uncultured",""
"93","755afc7ffddcfd5e093ea2222f4affd6",1.78456859032636,1.77375337815561,0.0108152121707461,1.52918806020661,308.449477277862,317.661392069134,310.3302046562,0.201893760115054,0.201893760115054,0.201893760115054,TRUE,1.78614583180508,1.77934388746934,-0.00680194433573122,"Batch","Single",1,"batch_glu","Bacteria","Verrucomicrobia","Verrucomicrobiae","Opitutales","Opitutaceae","Cephaloticoccus","uncultured bacterium"
"94","755afc7ffddcfd5e093ea2222f4affd6",1.78568678117102,1.77222788488996,0.0134588962810551,1.5109199924552,308.440416316258,317.661441908077,310.782816866142,0.25120535659685,0.25120535659685,0.25120535659685,TRUE,1.7845087937079,1.78434807159172,-0.000160722116171019,"Batch","Multi",1,"batch_carb","Bacteria","Verrucomicrobia","Verrucomicrobiae","Opitutales","Opitutaceae","Cephaloticoccus","uncultured bacterium"
"95","7580ff42ec296410fd9b751933c26164",1.78093374281431,1.78010876475386,0.000824978060446568,1.60529500579437,308.487226322874,317.661184434165,308.630192414993,0.0154107315522751,0.0154107315522751,0.0154107315522751,TRUE,1.78637600401471,1.78151142646995,-0.00486457754475511,"Batch","Multi",2,"batch_carb","Bacteria","Actinobacteria","Acidimicrobiia","Microtrichales","Ilumatobacteraceae","CL500-29 marine group",""
"96","7580ff42ec296410fd9b751933c26164",1.7795324772119,1.77395070179027,0.00558177542162586,1.53155104771242,308.450649319665,317.661385622432,309.421196162607,0.104200334760902,0.104200334760902,0.104200334760902,TRUE,1.78210199312523,1.77483999562324,-0.00726199750199497,"Batch","Single",2,"batch_glu","Bacteria","Actinobacteria","Acidimicrobiia","Microtrichales","Ilumatobacteraceae","CL500-29 marine group",""
"97","76a2e443105acc53d3461f176f38148c",1.78257388826543,1.77364133436636,0.00893255389906655,1.52784631483201,308.448811772157,317.661395729684,310.002246270368,0.166747161113079,0.166747161113079,0.166747161113079,TRUE,1.78266674957592,1.77932975265988,-0.00333699691604106,"Batch","Multi",4,"batch_carb","Bacteria","Proteobacteria","Gammaproteobacteria","Cellvibrionales","Cellvibrionaceae","Cellvibrio",""
"98","76a2e443105acc53d3461f176f38148c",1.81010385171682,1.77493116187695,0.0351726898398712,1.54329224100003,308.456472951536,317.661353590108,314.568960063854,0.656669366583237,0.656669366583237,0.656669366583237,TRUE,1.78764145039177,1.81255991233252,0.0249184619407536,"Batch","Single",4,"batch_glu","Bacteria","Proteobacteria","Gammaproteobacteria","Cellvibrionales","Cellvibrionaceae","Cellvibrio",""
"99","788f25619c77abb69cf199dd19233eb4",1.78578438855345,1.78074234884605,0.00504203970740424,1.6128822940393,308.490989617843,317.661163734525,309.364458943733,0.0941926549599702,0.0941926549599702,0.0941926549599702,TRUE,1.7875926364567,1.78538817961311,-0.00220445684358883,"Batch","Multi",1,"batch_carb","Bacteria","Verrucomicrobia","Verrucomicrobiae","Opitutales","Opitutaceae","Diplosphaera","uncultured bacterium"
"100","788f25619c77abb69cf199dd19233eb4",1.79624553672156,1.77077464034105,0.0254708963805088,1.49351711662697,308.431784489847,317.661489386602,312.868280159157,0.475334359490832,0.475334359490832,0.475334359490832,TRUE,1.79204290765901,1.78906137335225,-0.0029815343067614,"Batch","Single",1,"batch_glu","Bacteria","Verrucomicrobia","Verrucomicrobiae","Opitutales","Opitutaceae","Diplosphaera","uncultured bacterium"
"101","78c20e329a7b47d11c13171c92a1aad2",1.75404610044121,1.7688266283997,-0.0147805279584849,1.47018930854908,308.42021389704,317.661553029528,305.843017510874,-0.275777968204771,-0.275777968204771,-0.275777968204771,FALSE,1.79017011613456,1.74600709639398,-0.0441630197405825,"Chemostat","Multi",2,"chemo_carb","Bacteria","Proteobacteria","Deltaproteobacteria","Bdellovibrionales","Bdellovibrionaceae","Bdellovibrio",""
"102","7beab4f249af89a8aab102a03113ba62",1.80903043144918,1.7738201680607,0.0352102633884794,1.5299878818372,308.449873989391,317.661389887061,314.572592346565,0.657294712135628,0.657294712135628,0.657294712135628,TRUE,1.78990739971051,1.80975557767812,0.019848177967611,"Batch","Single",9,"batch_glu","Bacteria","Proteobacteria","Alphaproteobacteria","Azospirillales","Azospirillaceae","Azospirillum",""
"103","7beab4f249af89a8aab102a03113ba62",1.78147420558558,1.76904867925665,0.0124255263289288,1.47284840917599,308.421532810951,317.66154577497,310.58783830683,0.231843050726223,0.231843050726223,0.231843050726223,TRUE,1.776996638655,1.77800296645922,0.00100632780421628,"Batch","Multi",9,"batch_carb","Bacteria","Proteobacteria","Alphaproteobacteria","Azospirillales","Azospirillaceae","Azospirillum",""
"104","7c338eeece15edbfcf8ed52c568f6fc2",1.78162934725625,1.77869181658366,0.00293753067259361,1.58832678590351,308.478810085808,317.661230726863,308.988266506546,0.054865181259225,0.054865181259225,0.054865181259225,TRUE,1.78644731990426,1.77901626421328,-0.00743105569098068,"Batch","Single",5,"batch_glu","Bacteria","Proteobacteria","Gammaproteobacteria","OM182 clade","Ambiguous_taxa","Ambiguous_taxa","Ambiguous_taxa"
"105","7c338eeece15edbfcf8ed52c568f6fc2",1.78351607808366,1.7925524232524,-0.00903634516873342,1.75431014840128,308.561137833607,317.660777891053,307.005665920511,-0.169038224169473,-0.169038224169473,-0.169038224169473,FALSE,1.79131168270519,1.78343078347369,-0.00788089923149826,"Batch","Multi",5,"batch_carb","Bacteria","Proteobacteria","Gammaproteobacteria","OM182 clade","Ambiguous_taxa","Ambiguous_taxa","Ambiguous_taxa"
"106","7dd273cfe05a5c5e224f299f760201cf",1.7862520647983,1.77539898362388,0.0108530811744192,1.54889449409478,308.459251669071,317.661338306041,310.344874747739,0.20263549848258,0.20263549848258,0.20263549848258,TRUE,1.7782879053801,1.78568172423899,0.00739381885889112,"Batch","Multi",4,"batch_carb","Bacteria","Proteobacteria","Gammaproteobacteria","Pseudomonadales","Pseudomonadaceae","Pseudomonas",""
"107","7dd273cfe05a5c5e224f299f760201cf",1.76812860423542,1.79451919204741,-0.0263905878119921,1.77786257331704,308.572819836365,317.660713635327,304.034881131461,-0.493790060905872,-0.493790060905872,-0.493790060905872,FALSE,1.7959242644492,1.7703503885441,-0.0255738759050967,"Batch","Single",4,"batch_glu","Bacteria","Proteobacteria","Gammaproteobacteria","Pseudomonadales","Pseudomonadaceae","Pseudomonas",""
"108","7e777c0f972309bbe9f7781b653b0662",1.75191558314885,1.76672964277798,-0.0148140596291353,1.4450775127294,308.407758446314,317.66162153953,305.821753879974,-0.276345997823524,-0.276345997823524,-0.276345997823524,FALSE,1.78658588321771,1.73727637177954,-0.049309511438175,"Chemostat","Multi",3,"chemo_carb","Bacteria","Bacteroidetes","Bacteroidia","Sphingobacteriales","NS11-12 marine group","",""
"109","7ebbb1e6f79a2910951c191a4bf1df66",1.76585137868794,1.76317380610192,0.00267757258601375,1.40249570212829,308.386637868256,317.661737711225,308.854956762622,0.049930975203217,0.049930975203217,0.049930975203217,TRUE,1.77672798087914,1.75151338114456,-0.0252145997345841,"Chemostat","Multi",4,"chemo_carb","Bacteria","Proteobacteria","Gammaproteobacteria","Betaproteobacteriales","Rhodocyclaceae","Methyloversatilis",""
"110","801efb14d6457f799fd2becee6d07b72",1.77451776509347,1.76353947634967,0.0109782887438019,1.4068746718759,308.38880983725,317.66172576452,310.308574858195,0.204728693045341,0.204728693045341,0.204728693045341,TRUE,1.77617081872969,1.77697014468112,0.000799325951432728,"Chemostat","Multi",5,"chemo_carb","Bacteria","Proteobacteria","Alphaproteobacteria","Rhodospirillales","Terasakiellaceae","uncultured","Aestuariispira sp."
"111","8215c539c392e8fc631e1d5cddeac7da",1.76816576165063,1.76432427439848,0.00384148725214972,1.41627277559079,308.393471296693,317.661700124614,309.064940598467,0.0716434310843753,0.0716434310843753,0.0716434310843753,TRUE,1.78805935513217,1.74736928706299,-0.0406900680691784,"Chemostat","Multi",3,"chemo_carb","Bacteria","Bacteroidetes","Bacteroidia","Chitinophagales","Chitinophagaceae","uncultured","metagenome"
"112","83c246c4ed456dea2a15d054f16009b3",1.76857676342557,1.76581320629377,0.00276355713179632,1.43410301408008,308.402315094984,317.661651480157,308.884975103588,0.0515475960107787,0.0515475960107787,0.0515475960107787,TRUE,1.77842145207918,1.76281417997788,-0.0156072721012932,"Chemostat","Multi",2,"chemo_carb","Bacteria","Proteobacteria","Gammaproteobacteria","Betaproteobacteriales","Rhodocyclaceae","Zoogloea",""
"113","84ea3564fd34c5377c4305b340f0c16f",1.78191111380453,1.77388491822827,0.00802619557626572,1.53076327722878,308.450258585505,317.661387771627,309.845885818996,0.149831636841457,0.149831636841457,0.149831636841457,TRUE,1.7798511993276,1.77960030851474,-0.000250890812860449,"Batch","Multi",1,"batch_carb","Bacteria","Proteobacteria","Alphaproteobacteria","SAR11 clade","Clade III","",""
"114","84ea3564fd34c5377c4305b340f0c16f",1.8024144919501,1.76519230061358,0.0372221913365205,1.42666755219476,308.398627105889,317.661671765584,314.901755803009,0.694249463460605,0.694249463460605,0.694249463460605,TRUE,1.81002927328467,1.80415788385957,-0.00587138942509768,"Chemostat","Multi",1,"chemo_carb","Bacteria","Proteobacteria","Alphaproteobacteria","SAR11 clade","Clade III","",""
"115","84ea3564fd34c5377c4305b340f0c16f",1.78048564003238,1.77347496239222,0.0070106776401575,1.52585397926163,308.447823573714,317.661401165174,309.66714062399,0.130868556200893,0.130868556200893,0.130868556200893,TRUE,1.78806216156105,1.77658665485434,-0.0114755067067109,"Batch","Single",1,"batch_glu","Bacteria","Proteobacteria","Alphaproteobacteria","SAR11 clade","Clade III","",""
"116","8735f92a7f18db944bc862777fbd3222",1.80723231647686,1.80839956471968,-0.00116724824282288,1.94408263741142,308.655264988156,317.660260153749,308.456040589564,-0.0218779186116223,-0.0218779186116223,-0.0218779186116223,FALSE,1.80721478652246,1.80469724404108,-0.00251754248137637,"Batch","Single",2,"batch_glu","Bacteria","Proteobacteria","Gammaproteobacteria","Betaproteobacteriales","Burkholderiaceae","",""
"117","8735f92a7f18db944bc862777fbd3222",1.78564145585247,1.7654641667085,0.0201772891439653,1.42992319963236,308.400241907018,317.661662883527,311.92491319198,0.376346565321097,0.376346565321097,0.376346565321097,TRUE,1.76981409336838,1.79016024492269,0.0203461515543122,"Batch","Multi",2,"batch_carb","Bacteria","Proteobacteria","Gammaproteobacteria","Betaproteobacteriales","Burkholderiaceae","",""
"118","87a918f2af94ff451dd1f9ada0c46ecb",1.76153807874977,1.78670669018694,-0.0251686114371772,1.68430639938381,308.526415974094,317.660968875281,304.180329666585,-0.47049825084416,-0.47049825084416,-0.47049825084416,FALSE,1.79027994609155,1.74949628184645,-0.0407836642450987,"Chemostat","Multi",4,"chemo_carb","Bacteria","Proteobacteria","Gammaproteobacteria","Betaproteobacteriales","Rhodocyclaceae","",""
"119","8b08139d6eb5d7a849dff1bd579727d7",1.79027403745279,1.77324377791364,0.0170302595391545,1.52308550180392,308.446450408895,317.661408718134,311.408774692685,0.317896821719216,0.317896821719216,0.317896821719216,TRUE,1.78090766665222,1.79103968145953,0.0101320148073141,"Batch","Multi",2,"batch_carb","Bacteria","Proteobacteria","Gammaproteobacteria","Betaproteobacteriales","Burkholderiaceae","RS62 marine group","uncultured bacterium"
"120","8b08139d6eb5d7a849dff1bd579727d7",1.79609162832301,1.77493905114261,0.0211525771803966,1.54338671643488,308.456519811352,317.66135333236,312.132505382747,0.394916083854646,0.394916083854646,0.394916083854646,TRUE,1.79200081907137,1.78900066312539,-0.0030001559459818,"Batch","Single",2,"batch_glu","Bacteria","Proteobacteria","Gammaproteobacteria","Betaproteobacteriales","Burkholderiaceae","RS62 marine group","uncultured bacterium"
"121","8b1b6b50ee8e9d52ac980948823b441f",1.77261853401643,1.764888509557,0.00773002445943338,1.42302959735827,308.39682268029,317.661681690652,309.747568050108,0.144172236191523,0.144172236191523,0.144172236191523,TRUE,1.78188285092114,1.77336810167839,-0.00851474924274997,"Chemostat","Multi",3,"chemo_carb","Bacteria","Bacteroidetes","Rhodothermia","Balneolales","Balneolaceae","uncultured bacterium","uncultured bacterium"
"122","8b2494a11c2f75ef0302082e2b542682",1.79192556544168,1.77278354152638,0.0191420239153002,1.51757408481287,308.443716746067,317.661423754382,311.774206263921,0.35729927370213,0.35729927370213,0.35729927370213,TRUE,1.77858292767868,1.79407888435085,0.0154959566721753,"Batch","Multi",2,"batch_carb","Bacteria","Proteobacteria","Gammaproteobacteria","Betaproteobacteriales","Burkholderiaceae","",""
"123","8b2494a11c2f75ef0302082e2b542682",1.80502162880986,1.77427796966495,0.0307436591449055,1.53547014184554,308.452593190355,317.661374930359,313.797280747513,0.573940807209651,0.573940807209651,0.573940807209651,TRUE,1.78865667182798,1.80172013526256,0.0130634634345854,"Batch","Single",2,"batch_glu","Bacteria","Proteobacteria","Gammaproteobacteria","Betaproteobacteriales","Burkholderiaceae","",""
"124","8d6ed6c4e133f0c9730f92c02bed365a",1.76543548472912,1.79748231785258,-0.0320468331234594,1.81334656015828,308.590419893838,317.660616827915,303.088643552778,-0.599836897292989,-0.599836897292989,-0.599836897292989,FALSE,1.79816935636408,1.75526235026207,-0.0429070061020083,"Chemostat","Multi",4,"chemo_carb","Bacteria","Proteobacteria","Alphaproteobacteria","Rhizobiales","Rhizobiaceae","",""
"125","8f813280e8cc1c972cdf97b409fa6840",1.76537930683268,1.77898856748377,-0.0136092606510889,1.59188043354692,308.480572695039,317.661221031801,306.12069664168,-0.254192541342653,-0.254192541342653,-0.254192541342653,FALSE,1.78707266704415,1.75390342775887,-0.0331692392852729,"Chemostat","Multi",2,"chemo_carb","Bacteria","Verrucomicrobia","Verrucomicrobiae","Verrucomicrobiales","Verrucomicrobiaceae","Prosthecobacter",""
"126","9100c673ddb0128f63023d0c6d423792",1.77364530932675,1.77227603625622,0.00136927307053303,1.51149661409022,308.440702320589,317.661440334937,308.679005800918,0.025557105412703,0.025557105412703,0.025557105412703,TRUE,1.78731564238893,1.77512019656604,-0.0121954458228943,"Batch","Single",4,"batch_glu","Bacteria","Proteobacteria","Gammaproteobacteria","Betaproteobacteriales","Burkholderiaceae","MWH-UniP1 aquatic group",""
"127","9176a4011d0b5a7a3fe654f25319091e",1.77709395915401,1.77490691721509,0.00218704193892472,1.54300190663053,308.456328945689,317.661354382198,308.83640911845,0.040831673855537,0.040831673855537,0.040831673855537,TRUE,1.78906265268831,1.77535791799112,-0.0137047346971908,"Batch","Single",2,"batch_glu","Bacteria","Proteobacteria","Alphaproteobacteria","Paracaedibacterales","Paracaedibacteraceae","uncultured","uncultured bacterium"
"128","9176a4011d0b5a7a3fe654f25319091e",1.78126209590209,1.77219334214499,0.00906875375710836,1.51050633661036,308.440211142959,317.661443036612,310.018576356915,0.16926435825913,0.16926435825913,0.16926435825913,TRUE,1.78314669997858,1.77857656844426,-0.00457013153432184,"Batch","Multi",2,"batch_carb","Bacteria","Proteobacteria","Alphaproteobacteria","Paracaedibacterales","Paracaedibacteraceae","uncultured","uncultured bacterium"
"129","9255e939f667b42a03cb99246b86cb32",1.79562728657019,1.77816138556751,0.0174659010026832,1.58197477507618,308.475659488438,317.661248056419,311.505646178112,0.326197549074605,0.326197549074605,0.326197549074605,TRUE,1.78622576953204,1.79429968712094,0.00807391758890241,"Batch","Multi",4,"batch_carb","Bacteria","Proteobacteria","Alphaproteobacteria","Rhodobacterales","Rhodobacteraceae","",""
"130","9255e939f667b42a03cb99246b86cb32",1.8086574619321,1.78198154746052,0.0266759144715796,1.62772192968793,308.498350077125,317.661123249031,313.116509907685,0.498412568864203,0.498412568864203,0.498412568864203,TRUE,1.78795634184726,1.8098268529426,0.0218705110953454,"Batch","Single",4,"batch_glu","Bacteria","Proteobacteria","Alphaproteobacteria","Rhodobacterales","Rhodobacteraceae","",""
"131","92c0c75c6858840cbc21744f047e2a02",1.7846899861907,1.77509266039061,0.00959732580008965,1.54522621596785,308.45743220312,317.661348313838,310.125157239886,0.179183806758891,0.179183806758891,0.179183806758891,TRUE,1.78308621042375,1.78152032970583,-0.00156588071791308,"Batch","Multi",2,"batch_carb","Bacteria","Planctomycetes","Planctomycetacia","Pirellulales","Pirellulaceae","Pirellula","uncultured organism"
"132","92c0c75c6858840cbc21744f047e2a02",1.78524521323372,1.77429255746374,0.0109526557699744,1.53564483346997,308.452679837401,317.661374453765,310.356749157522,0.204470964879934,0.204470964879934,0.204470964879934,TRUE,1.7861387142343,1.78052209921647,-0.00561661501783717,"Batch","Single",2,"batch_glu","Bacteria","Planctomycetes","Planctomycetacia","Pirellulales","Pirellulaceae","Pirellula","uncultured organism"
"133","936f76885e2ff79dde9adf042e7d4617",1.76560666541705,1.75017462992243,0.0154320354946211,1.24682813118138,308.309426753066,317.662162403493,311.02792234524,0.287433203773702,0.287433203773702,0.287433203773702,TRUE,1.79994720382724,1.76868830487025,-0.0312588989569904,"Chemostat","Multi",2,"chemo_carb","Bacteria","Proteobacteria","Alphaproteobacteria","Rhodospirillales","Magnetospirillaceae","Magnetospirillum",""
"134","97526cc3bdb30750d172ec27041d3211",1.76230970588465,1.75753565818779,0.00477404769685807,1.33497782420173,308.353149000804,317.6619219135,309.190738061344,0.0889785906544951,0.0889785906544951,0.0889785906544951,TRUE,1.77232506648569,1.74817831628854,-0.0241467501971435,"Chemostat","Multi",2,"chemo_carb","Bacteria","Proteobacteria","Alphaproteobacteria","Reyranellales","Reyranellaceae","Reyranella",""
"135","98f53519513214e968c569829a1471bb",1.77320117326599,1.76225022000103,0.0109509532649559,1.39143558547928,308.381152050398,317.661767885436,310.297490346497,0.204193702901348,0.204193702901348,0.204193702901348,TRUE,1.78535935175938,1.76386279833226,-0.0214965534271161,"Chemostat","Multi",4,"chemo_carb","Bacteria","Proteobacteria","Alphaproteobacteria","Rhizobiales","Rhizobiaceae","Allorhizobium-Neorhizobium-Pararhizobium-Rhizobium",""
"136","9a64f65cc4a51bc87a27dbff7ecefdd6",1.775364101975,1.77455381949394,0.000810282481054969,1.53877349524514,308.454231653642,317.66136591815,308.595075542044,0.0151272676855038,0.0151272676855038,0.0151272676855038,TRUE,1.7894636654328,1.77366273209711,-0.0158009333356961,"Batch","Single",3,"batch_glu","Bacteria","Proteobacteria","Gammaproteobacteria","Betaproteobacteriales","Methylophilaceae","OM43 clade",""
"137","9a64f65cc4a51bc87a27dbff7ecefdd6",1.78222828581518,1.77387644407044,0.00835184174473924,1.53066179760067,308.45020825161,317.661388048484,309.902466853984,0.155910606155598,0.155910606155598,0.155910606155598,TRUE,1.78429316870291,1.77917575457458,-0.00511741412833744,"Batch","Multi",3,"batch_carb","Bacteria","Proteobacteria","Gammaproteobacteria","Betaproteobacteriales","Methylophilaceae","OM43 clade",""
"138","9ac9a274b64edbcb2b5e1e1c81743b51",1.77146125770821,1.76690427734622,0.00455698036199537,1.44716879441257,308.408795722029,317.661615834095,309.204205435838,0.0850087701973387,0.0850087701973387,0.0850087701973387,TRUE,1.79003155253956,1.7743098464102,-0.015721706129368,"Batch","Single",3,"batch_glu","Bacteria","Bacteroidetes","Bacteroidia","Flavobacteriales","Flavobacteriaceae","Flavobacterium",""
"139","9af3467db68cf6063627304cecd46a65",1.80772298245388,1.77519759664484,0.0325253858090386,1.54648284727854,308.45805549225,317.661344885496,314.109661420375,0.607261510446827,0.607261510446827,0.607261510446827,TRUE,1.79367590463391,1.80850306911291,0.0148271644790012,"Batch","Single",5,"batch_glu","Bacteria","Proteobacteria","Gammaproteobacteria","Pseudomonadales","Pseudomonadaceae","Pseudomonas",""
"140","9af3467db68cf6063627304cecd46a65",1.79408958043768,1.76940804971793,0.0246815307197563,1.47715193779999,308.423667361149,317.661534034083,312.725879178196,0.460539686296902,0.460539686296902,0.460539686296902,TRUE,1.77018179753443,1.79737228062431,0.0271904830898833,"Batch","Multi",5,"batch_carb","Bacteria","Proteobacteria","Gammaproteobacteria","Pseudomonadales","Pseudomonadaceae","Pseudomonas",""
"141","9c54c522a386d5ed75686001dae803d9",1.76799316631653,1.76479524409925,0.0031979222172791,1.42191272602264,308.396268712107,317.661684737701,308.955102538716,0.0596437201724761,0.0596437201724761,0.0596437201724761,TRUE,1.7757216775709,1.75910946522738,-0.0166122123435202,"Chemostat","Multi",2,"chemo_carb","Bacteria","Proteobacteria","Gammaproteobacteria","Betaproteobacteriales","Burkholderiaceae","",""
"142","9c886d46813a724862c055b0ed46e86d",1.78972754042151,1.7715254535852,0.0182020868363106,1.50250824593677,308.436244089985,317.661464857003,311.605367789014,0.339710824252513,0.339710824252513,0.339710824252513,TRUE,1.77441233724217,1.79332271584867,0.018910378606495,"Batch","Multi",2,"batch_carb","Bacteria","Bacteroidetes","Bacteroidia","Flavobacteriales","Flavobacteriaceae","NS3a marine group","marine metagenome"
"143","9c886d46813a724862c055b0ed46e86d",1.80288767517002,1.7738598118305,0.0290278633395264,1.53046262341024,308.450109461211,317.661388591871,313.497660324468,0.541885740467779,0.541885740467779,0.541885740467779,TRUE,1.78916728865639,1.79851891472488,0.00935162606849516,"Batch","Single",2,"batch_glu","Bacteria","Bacteroidetes","Bacteroidia","Flavobacteriales","Flavobacteriaceae","NS3a marine group","marine metagenome"
"144","9cfa52be027c8fa57d197b21dd7a958c",1.78127701635298,1.78050318127156,0.000773835081421925,1.610018217512,308.489569035886,317.661171548299,308.623643522966,0.0144559914099206,0.0144559914099206,0.0144559914099206,TRUE,1.78644022558174,1.77834909788052,-0.00809112770121412,"Batch","Multi",1,"batch_carb","Bacteria","Actinobacteria","Actinobacteria","Frankiales","Sporichthyaceae","hgcI clade","uncultured bacterium"
"145","9cfa52be027c8fa57d197b21dd7a958c",1.78679669386514,1.77377770235755,0.0130189915075909,1.52947934708346,308.449621756153,317.661391274445,310.713548628628,0.243033584972569,0.243033584972569,0.243033584972569,TRUE,1.78952678813839,1.78102582351474,-0.00850096462364514,"Batch","Single",1,"batch_glu","Bacteria","Actinobacteria","Actinobacteria","Frankiales","Sporichthyaceae","hgcI clade","uncultured bacterium"
"146","9e26dc7c6642e4bf724f8d376d56a973",1.76842331347876,1.76429427940677,0.00412903407199461,1.41591357994354,308.393293135652,317.661701104571,309.115035777905,0.0770059326511217,0.0770059326511217,0.0770059326511217,TRUE,1.77754529359879,1.76664066666981,-0.0109046269289785,"Chemostat","Multi",2,"chemo_carb","Bacteria","Proteobacteria","Alphaproteobacteria","","","",""
"147","a4e7c4029a5970db9ae5de9cb1b8ced9",1.78350297562566,1.77836332825928,0.00513964736638406,1.58439307665653,308.476858966022,317.661241458808,309.368387851363,0.0959914205288646,0.0959914205288646,0.0959914205288646,TRUE,1.78796929659927,1.78012865983495,-0.00784063676432334,"Batch","Single",1,"batch_glu","Bacteria","Planctomycetes","Planctomycetacia","Pirellulales","Pirellulaceae","uncultured",""
"148","a51911fb468aee7787ca8edf2ad66641",1.78913169184805,1.77348838580732,0.0156433060407286,1.52601472717319,308.447903304678,317.661400726621,311.168611817702,0.292014528140666,0.292014528140666,0.292014528140666,TRUE,1.78815561116023,1.78261418222991,-0.00554142893032372,"Batch","Single",1,"batch_glu","Bacteria","Actinobacteria","Actinobacteria","Frankiales","Sporichthyaceae","",""
"149","a57e8133deb4fc1a6cbeaac02d482d8f",1.76382231862481,1.76943678653748,-0.00561446791266884,1.47749606659979,308.423838049033,317.661533095231,307.445201369044,-0.104762253074133,-0.104762253074133,-0.104762253074133,FALSE,1.78500492524506,1.7559597713581,-0.0290451538869585,"Chemostat","Multi",2,"chemo_carb","Bacteria","Proteobacteria","Deltaproteobacteria","Bdellovibrionales","Bdellovibrionaceae","Bdellovibrio",""
"150","a60f0b4bc20e5a162b45b3d2ed7a0d6c",1.76877063422672,1.76404899433132,0.00472163989539909,1.41297624519575,308.391836217617,317.661709118208,309.217275421392,0.0880558622217405,0.0880558622217405,0.0880558622217405,TRUE,1.76975575594802,1.75283982859156,-0.0169159273564536,"Chemostat","Multi",2,"chemo_carb","Bacteria","Proteobacteria","Alphaproteobacteria","Caulobacterales","Caulobacteraceae","Caulobacter",""
"151","a6db2d87f1e7a32216e5041a1920f12e",1.76671089109121,1.76282533421267,0.00388555687853609,1.39832268594681,308.38456805223,317.661749096048,309.064298344491,0.0724548655208575,0.0724548655208575,0.0724548655208575,TRUE,1.77297495590491,1.75616587293974,-0.0168090829651719,"Chemostat","Multi",2,"chemo_carb","Bacteria","Proteobacteria","Deltaproteobacteria","Myxococcales","Nannocystaceae","Nannocystis","Nannocystis sp."
"152","a7b57a3495513cb6d0fae02b7d400ac7",1.81589652151816,1.77685941938393,0.0390371021342351,1.56638348602407,308.467926209068,317.661290592573,315.244879866288,0.728965548652666,0.728965548652666,0.728965548652666,TRUE,1.79030464540359,1.81734881283194,0.0270441674283504,"Batch","Single",2,"batch_glu","Bacteria","Proteobacteria","Gammaproteobacteria","Betaproteobacteriales","Burkholderiaceae","",""
"153","a7d9ac24cf597a17e98e400931d90089",1.76279198145183,1.76525547091647,-0.00246348946463559,1.42742402841077,308.399002318092,317.661669701766,307.968618327994,-0.045948041049506,-0.045948041049506,-0.045948041049506,FALSE,1.79262274010787,1.75245665849509,-0.0401660816127825,"Chemostat","Multi",5,"chemo_carb","Bacteria","Proteobacteria","Gammaproteobacteria","Pseudomonadales","Moraxellaceae","Alkanindiges",""
"154","aca28e4f440b01d56bc951ba98270a87",1.76136126352168,1.78635541312295,-0.0249941496012687,1.68009979070909,308.524329496192,317.660980351751,304.20754953717,-0.467218299469346,-0.467218299469346,-0.467218299469346,FALSE,1.78974798808592,1.75211462155233,-0.0376333665335871,"Chemostat","Multi",2,"chemo_carb","Bacteria","Actinobacteria","Actinobacteria","Corynebacteriales","Mycobacteriaceae","Mycobacterium",""
"155","acc9603a819dc23a606ac6c1b9105b6d",1.76965451642003,1.76454227124645,0.00511224517358078,1.41888332870028,308.394766131035,317.661693002503,309.288249772885,0.0953449799514703,0.0953449799514703,0.0953449799514703,TRUE,1.77469461008212,1.7705899282212,-0.00410468186091983,"Chemostat","Multi",3,"chemo_carb","Bacteria","Proteobacteria","Gammaproteobacteria","Betaproteobacteriales","Rhodocyclaceae","",""
"156","ae88f77525a7096df7c0d9c6ede9f846",1.76859251033924,1.76503650302943,0.00355600730981598,1.42480184692629,308.397701716075,317.661676855601,309.019028515691,0.0663238406760576,0.0663238406760576,0.0663238406760576,TRUE,1.78754088562908,1.75949656074139,-0.0280443248876938,"Chemostat","Multi",2,"chemo_carb","Bacteria","Verrucomicrobia","Verrucomicrobiae","Verrucomicrobiales","Verrucomicrobiaceae","Prosthecobacter",""
"157","aed191bac0b1c3264208a084af848bed",1.80805762325453,1.7743522003839,0.0337054228706359,1.53635906861659,308.453034098034,317.661372505189,314.312378115392,0.629237631900135,0.629237631900135,0.629237631900135,TRUE,1.78607868607041,1.80793133776323,0.0218526516928255,"Batch","Single",2,"batch_glu","Bacteria","Proteobacteria","Gammaproteobacteria","Betaproteobacteriales","Burkholderiaceae","",""
"158","aed191bac0b1c3264208a084af848bed",1.79563727892207,1.77310129723249,0.0225359816895834,1.52137926894463,308.445604117396,317.661413373078,312.365924122504,0.420663666960636,0.420663666960636,0.420663666960636,TRUE,1.7793730331062,1.79755159197009,0.0181785588638936,"Batch","Multi",2,"batch_carb","Bacteria","Proteobacteria","Gammaproteobacteria","Betaproteobacteriales","Burkholderiaceae","",""
"159","aee83626bf99f96165a5c90cc9511595",1.76303117843578,1.78742826644623,-0.0243970880104547,1.69294741032061,308.530701915519,317.660945300875,304.319483580293,-0.456112910863091,-0.456112910863091,-0.456112910863091,FALSE,1.79640001735004,1.75346521263417,-0.0429348047158749,"Chemostat","Multi",2,"chemo_carb","Bacteria","Proteobacteria","Gammaproteobacteria","Betaproteobacteriales","Burkholderiaceae","",""
"160","af27577de5edb10c09f7fc19b9ca45ca",1.80473203744443,1.77466188503028,0.0300701524141562,1.54006760029551,308.454873529747,317.661362387573,313.681381823055,0.561389872753892,0.561389872753892,0.561389872753892,TRUE,1.78968822690542,1.80151581943638,0.0118275925309659,"Batch","Single",3,"batch_glu","Bacteria","Proteobacteria","Alphaproteobacteria","Rhodobacterales","Rhodobacteraceae","",""
"161","af27577de5edb10c09f7fc19b9ca45ca",1.76453755002665,1.76490450925704,-0.000366959230392983,1.42322119676477,308.396917713595,317.661681167931,308.332795776694,-0.00684414589653769,-0.00684414589653769,-0.00684414589653769,FALSE,1.80386285139804,1.80695764421304,0.00309479281499891,"Chemostat","Multi",3,"chemo_carb","Bacteria","Proteobacteria","Alphaproteobacteria","Rhodobacterales","Rhodobacteraceae","",""
"162","af27577de5edb10c09f7fc19b9ca45ca",1.79039148469381,1.77355111929388,0.0168403653999363,1.52676597243162,308.448275922326,317.661398677074,311.377078829107,0.314362150540453,0.314362150540453,0.314362150540453,TRUE,1.78235059241008,1.79115499116996,0.00880439875988692,"Batch","Multi",3,"batch_carb","Bacteria","Proteobacteria","Alphaproteobacteria","Rhodobacterales","Rhodobacteraceae","",""
"163","afc0eeec83a181be740331928d883362",1.7814741822099,1.77330948375572,0.00816469845418899,1.52387234157684,308.446840681422,317.661406571478,309.866996309292,0.152408090260383,0.152408090260383,0.152408090260383,TRUE,1.78655179496494,1.77800293934504,-0.00854885561990715,"Batch","Multi",2,"batch_carb","Bacteria","Actinobacteria","Acidimicrobiia","Microtrichales","Ilumatobacteraceae","CL500-29 marine group",""
"164","afc0eeec83a181be740331928d883362",1.78063549283042,1.77619528572417,0.00444020710625215,1.55843036098207,308.463981459047,317.661312290289,309.235092593901,0.082909086065136,0.082909086065136,0.082909086065136,TRUE,1.78547058969085,1.77643823367382,-0.00903235601702512,"Batch","Single",2,"batch_glu","Bacteria","Actinobacteria","Acidimicrobiia","Microtrichales","Ilumatobacteraceae","CL500-29 marine group",""
"165","b396df71ff4bad780a6862032851bce5",1.77503020029693,1.76886806541269,0.00616213488424511,1.47068552454537,308.420460020174,317.661551675752,309.494892032865,0.114974789689654,0.114974789689654,0.114974789689654,TRUE,1.78025878866632,1.77294059952142,-0.00731818914490368,"Chemostat","Multi",4,"chemo_carb","Bacteria","Proteobacteria","Gammaproteobacteria","Legionellales","Legionellaceae","Legionella",""
"166","b6a0ad25677cccdc5a6ada23f7e276b6",1.78188183250369,1.77585762141312,0.00602421109057527,1.55438676757497,308.461975836717,317.661323322021,309.508366061615,0.112482150833273,0.112482150833273,0.112482150833273,TRUE,1.7928703303397,1.77785764560885,-0.0150126847308485,"Batch","Single",1,"batch_glu","Bacteria","Proteobacteria","Alphaproteobacteria","Thalassobaculales","Thalassobaculaceae","Thalassobaculum","alpha proteobacterium BAL199"
"167","b6a0ad25677cccdc5a6ada23f7e276b6",1.78615953339479,1.77928856773702,0.00687096565776812,1.59547299280318,308.48235460443,317.661211230581,309.673601321207,0.128339425935905,0.128339425935905,0.128339425935905,TRUE,1.78465168988943,1.78442788127578,-0.00022380861365856,"Batch","Multi",1,"batch_carb","Bacteria","Proteobacteria","Alphaproteobacteria","Thalassobaculales","Thalassobaculaceae","Thalassobaculum","alpha proteobacterium BAL199"
"168","b7a2bc450146ff938fb3354ecc36444a",1.77296928327145,1.79373591313314,-0.0207666298616873,1.76848266152299,308.568167400115,317.660739225603,304.995779250566,-0.388524903772624,-0.388524903772624,-0.388524903772624,FALSE,1.79219130236573,1.77197215709829,-0.0202191452674347,"Batch","Single",2,"batch_glu","Bacteria","Proteobacteria","Gammaproteobacteria","Betaproteobacteriales","Methylophilaceae","Ambiguous_taxa",""
"169","bca82bc447bbd86d4a6a93e596e3aabd",1.76814328914992,1.79062458916358,-0.0224813000136548,1.73122397388902,308.549687091049,317.660840874754,304.675844339982,-0.420451176984835,-0.420451176984835,-0.420451176984835,FALSE,1.79004132313561,1.77564191087222,-0.0143994122633884,"Batch","Multi",3,"batch_carb","Bacteria","Bacteroidetes","Bacteroidia","Flavobacteriales","NS9 marine group","",""
"170","bca82bc447bbd86d4a6a93e596e3aabd",1.77237736762725,1.77607261502584,-0.00369524739858984,1.55696135637967,308.463252832764,317.661316298027,307.821472748466,-0.068998046666096,-0.068998046666096,-0.068998046666096,FALSE,1.78367322682757,1.7750676143145,-0.0086056125130709,"Batch","Single",3,"batch_glu","Bacteria","Bacteroidetes","Bacteroidia","Flavobacteriales","NS9 marine group","",""
"171","bd217e3552c0912e166951d39a120601",1.79224087030505,1.77495456598754,0.0172863043175153,1.54357250961055,308.456611964767,317.661352825479,311.460674697046,0.322733756529443,0.322733756529443,0.322733756529443,TRUE,1.7847712100559,1.78811291898494,0.0033417089290444,"Batch","Single",2,"batch_glu","Bacteria","Proteobacteria","Alphaproteobacteria","Rhizobiales","Devosiaceae","",""
"172","bd217e3552c0912e166951d39a120601",1.79491462738573,1.77448493505937,0.0204296923263663,1.53794859123137,308.453822501251,317.661368168653,312.005059576352,0.381401807133857,0.381401807133857,0.381401807133857,TRUE,1.7820450091522,1.79931799920867,0.0172729900564657,"Batch","Multi",2,"batch_carb","Bacteria","Proteobacteria","Alphaproteobacteria","Rhizobiales","Devosiaceae","",""
"173","be45460bb19ae26f588454f3dd7388ec",1.78190054501312,1.77792746828332,0.00397307672979652,1.57917357175914,308.474270091593,317.661255698662,309.16360751739,0.0742003209754232,0.0742003209754232,0.0742003209754232,TRUE,1.79531572072523,1.77694529704189,-0.0183704236833364,"Batch","Single",4,"batch_glu","Bacteria","Proteobacteria","Gammaproteobacteria","Betaproteobacteriales","Burkholderiaceae","MWH-UniP1 aquatic group",""
"174","be9d6317e49313c0a8885815491ce6f0",1.79021640764761,1.77377583821313,0.0164405694344802,1.52945702360466,308.449610683708,317.661391335348,311.308532951243,0.306906241775395,0.306906241775395,0.306906241775395,TRUE,1.78266916420894,1.79102836957283,0.00835920536388368,"Batch","Multi",3,"batch_carb","Bacteria","Proteobacteria","Alphaproteobacteria","Rhodobacterales","Rhodobacteraceae","",""
"175","be9d6317e49313c0a8885815491ce6f0",1.80581744023718,1.77492204933408,0.0308953909030945,1.5431831165914,308.456418825829,317.661353887821,313.825602018842,0.576812223202443,0.576812223202443,0.576812223202443,TRUE,1.78978274074152,1.8027502899451,0.0129675492035786,"Batch","Single",3,"batch_glu","Bacteria","Proteobacteria","Alphaproteobacteria","Rhodobacterales","Rhodobacteraceae","",""
"176","c1aff5b39b852ad01c74231c921af653",1.75267627998034,1.76222589006121,-0.00954961008086519,1.39114422989014,308.381007538025,317.661768680312,306.70987196174,-0.178063559760986,-0.178063559760986,-0.178063559760986,FALSE,1.77277950726247,1.75756661980853,-0.0152128874539375,"Chemostat","Multi",2,"chemo_carb","Bacteria","Proteobacteria","Gammaproteobacteria","Betaproteobacteriales","Methylophilaceae","Methylovorus",""
"177","c1d9eada909d2d5dbe078f25f1038508",1.7549884121084,1.75196021721302,0.00302819489538675,1.26821087362603,308.320032593319,317.662104067095,308.852951742778,0.0564111693522111,0.0564111693522111,0.0564111693522111,TRUE,1.76719127036791,1.75184081207356,-0.0153504582943456,"Chemostat","Multi",3,"chemo_carb","Bacteria","Proteobacteria","Gammaproteobacteria","Betaproteobacteriales","Burkholderiaceae","",""
"178","c36646fabf5978777e0e7b08044e9568",1.78439440395243,1.77505632506446,0.00933807888796823,1.54479109362753,308.457216382439,317.661349500938,310.079924225267,0.174342956270269,0.174342956270269,0.174342956270269,TRUE,1.78765575667717,1.77960115343085,-0.00805460324632157,"Batch","Single",1,"batch_glu","Bacteria","Verrucomicrobia","Verrucomicrobiae","Pedosphaerales","Pedosphaeraceae","",""
"179","c4e16e2ca85ff9eb360fd895f75227ca",1.78689035551418,1.77501637208219,0.0118739834319863,1.54431264917721,308.456979073992,317.66135080623,310.520404018466,0.221687644189165,0.221687644189165,0.221687644189165,TRUE,1.78472567673553,1.78145248703562,-0.00327318969990875,"Batch","Single",3,"batch_glu","Bacteria","Planctomycetes","Planctomycetacia","Isosphaerales","Isosphaeraceae","uncultured",""
"180","c4e16e2ca85ff9eb360fd895f75227ca",1.78701890616246,1.77450386165774,0.012515044504724,1.53817524079396,308.453934919434,317.661367550308,310.629368180857,0.233643754494126,0.233643754494126,0.233643754494126,TRUE,1.78133290011734,1.78560975740399,0.00427685728664584,"Batch","Multi",3,"batch_carb","Bacteria","Planctomycetes","Planctomycetacia","Isosphaerales","Isosphaeraceae","uncultured",""
"181","c52287a7efd223c578b51937b849bf91",1.78917685880706,1.77354697011315,0.0156298886939177,1.52671628521478,308.448251277467,317.661398812631,311.166539496804,0.291765837174477,0.291765837174477,0.291765837174477,TRUE,1.78159506888578,1.78866812283762,0.00707305395184177,"Batch","Multi",3,"batch_carb","Bacteria","Proteobacteria","Alphaproteobacteria","Rhodobacterales","Rhodobacteraceae","",""
"182","c52287a7efd223c578b51937b849bf91",1.80937399366169,1.77400922553388,0.0353647681278126,1.53225188051015,308.450996932733,317.66138371042,314.599949163822,0.660191932381587,0.660191932381587,0.660191932381587,TRUE,1.79041219775423,1.80699066524868,0.0165784674944474,"Batch","Single",3,"batch_glu","Bacteria","Proteobacteria","Alphaproteobacteria","Rhodobacterales","Rhodobacteraceae","",""
"183","c530fa2c576c67ce632ce34474b8ea71",1.78813257005372,1.7743861821985,0.01374638785522,1.5367660072151,308.453235939579,317.661371394979,310.842861072462,0.25662859123612,0.25662859123612,0.25662859123612,TRUE,1.78100054469275,1.787595886776,0.00659534208324919,"Batch","Multi",1,"batch_carb","Bacteria","Verrucomicrobia","Verrucomicrobiae","Pedosphaerales","Pedosphaeraceae","",""
"184","c530fa2c576c67ce632ce34474b8ea71",1.79045606459828,1.77475157560767,0.0157044889906115,1.54114166176888,308.455406264237,317.661359457318,311.184878151092,0.293195179022892,0.293195179022892,0.293195179022892,TRUE,1.78869756263717,1.78443218659555,-0.00426537604162358,"Batch","Single",1,"batch_glu","Bacteria","Verrucomicrobia","Verrucomicrobiae","Pedosphaerales","Pedosphaeraceae","",""
"185","c56ae4705fd5cf31ed0b25fa86e22ed6",1.79194141232661,1.77274056293016,0.0192008493964522,1.5170594080684,308.443461466402,317.661425158523,311.784264161833,0.358395704708427,0.358395704708427,0.358395704708427,TRUE,1.77830863940656,1.79401468581893,0.0157060464123691,"Batch","Multi",2,"batch_carb","Bacteria","Proteobacteria","Gammaproteobacteria","Betaproteobacteriales","Burkholderiaceae","",""
"186","c56ae4705fd5cf31ed0b25fa86e22ed6",1.80478515592912,1.77432646423236,0.0304586916967671,1.53605087337864,308.452881233196,317.661373346007,313.747888325662,0.568623740147184,0.568623740147184,0.568623740147184,TRUE,1.78803579306922,1.80118303412816,0.0131472410589351,"Batch","Single",2,"batch_glu","Bacteria","Proteobacteria","Gammaproteobacteria","Betaproteobacteriales","Burkholderiaceae","",""
"187","c67744b93c1aac731ad718596675f25e",1.75311927837224,1.76196551313873,-0.00884623476648594,1.38802616744578,308.379460979053,317.66177718701,306.831191680567,-0.164944221335567,-0.164944221335567,-0.164944221335567,FALSE,1.76044312872152,1.7449001364189,-0.0155429923026198,"Chemostat","Multi",1,"chemo_carb","Bacteria","Proteobacteria","Alphaproteobacteria","Caulobacterales","Hyphomonadaceae","Hyphomonas",""
"188","c69352f1a000317323fd8841f1007691",1.76230902594774,1.76621749436356,-0.00390846841581727,1.43894443948413,308.404716441984,317.66163827178,307.722246645739,-0.0729060889854053,-0.0729060889854053,-0.0729060889854053,FALSE,1.78118450938901,1.75360392177187,-0.0275805876171349,"Chemostat","Multi",4,"chemo_carb","Bacteria","Proteobacteria","Alphaproteobacteria","Rhizobiales","Rhizobiaceae","Allorhizobium-Neorhizobium-Pararhizobium-Rhizobium",""
"189","c9eeb9179e405b1fd7846a8aefb864d1",1.78531474939597,1.78242412094649,0.0028906284494763,1.63302183012587,308.500978827742,317.661108789843,309.001287197457,0.054011109018712,0.054011109018712,0.054011109018712,TRUE,1.79781134640025,1.78098810034199,-0.0168232460582622,"Batch","Single",3,"batch_glu","Bacteria","Bacteroidetes","Bacteroidia","Flavobacteriales","Crocinitomicaceae","Salinirepens","Ambiguous_taxa"
"190","ca2b23c1b70c9034ea6412255f88eb7f",1.76961630152346,1.76277206680201,0.00684423472145235,1.39768479872117,308.384251660166,317.661750836332,309.58160113178,0.127625355354598,0.127625355354598,0.127625355354598,TRUE,1.7821389629867,1.75860918009619,-0.023529782890509,"Chemostat","Multi",2,"chemo_carb","Bacteria","Proteobacteria","Deltaproteobacteria","Bdellovibrionales","Bacteriovoracaceae","Bacteriovorax","Ambiguous_taxa"
"191","cf3381318906e1e08f58bca905636dc0",1.774511766401,1.76477154234005,0.00974022406094921,1.42162889301427,308.396127930935,317.661685512054,310.098244784878,0.18166228583951,0.18166228583951,0.18166228583951,TRUE,1.77960881328843,1.7793494230942,-0.00025939019422716,"Chemostat","Multi",4,"chemo_carb","Bacteria","Proteobacteria","Alphaproteobacteria","Rhizobiales","Rhizobiaceae","Allorhizobium-Neorhizobium-Pararhizobium-Rhizobium",""
"192","cfb98993000a7864ecd250723d57b8db",1.79495564045394,1.7743930290059,0.0205626114480457,1.53684799901682,308.453276607512,317.661371171289,312.027797456656,0.383879593046483,0.383879593046483,0.383879593046483,TRUE,1.78659601031821,1.78845878859475,0.00186277827654147,"Batch","Single",3,"batch_glu","Bacteria","Bacteroidetes","Bacteroidia","Sphingobacteriales","NS11-12 marine group","",""
"193","cfb98993000a7864ecd250723d57b8db",1.78801760102534,1.77373567759665,0.0142819234286926,1.52897609269569,308.449372141977,317.661392647424,310.932972359417,0.266608354897119,0.266608354897119,0.266608354897119,TRUE,1.78340761198575,1.78818629383685,0.00477868185109509,"Batch","Multi",3,"batch_carb","Bacteria","Bacteroidetes","Bacteroidia","Sphingobacteriales","NS11-12 marine group","",""
"194","d1e7069c930bb4790713681f06f84cf0",1.7922547486912,1.77284487768841,0.0194098710027857,1.5183085968483,308.444081064037,317.661421750486,311.821060009218,0.36230111854805,0.36230111854805,0.36230111854805,TRUE,1.77920063845557,1.79620025453761,0.0169996160820471,"Batch","Multi",6,"batch_carb","Bacteria","Proteobacteria","Gammaproteobacteria","Alteromonadales","Alteromonadaceae","Rheinheimera",""
"195","d1e7069c930bb4790713681f06f84cf0",1.80703832595006,1.77444699917893,0.032591326771128,1.53749430195354,308.453597173769,317.661369408045,314.118974603397,0.608444881510045,0.608444881510045,0.608444881510045,TRUE,1.78294452102468,1.8047988853494,0.0218543643247187,"Batch","Single",6,"batch_glu","Bacteria","Proteobacteria","Gammaproteobacteria","Alteromonadales","Alteromonadaceae","Rheinheimera",""
"196","d295b9a63b6148b9f4663819da1c914b",1.76818605595569,1.76423803071896,0.00394802523672699,1.4152399913654,308.392959035717,317.661702942256,309.083083136832,0.0736297411217251,0.0736297411217251,0.0736297411217251,TRUE,1.77701928282313,1.76170034510565,-0.0153189377174714,"Chemostat","Multi",2,"chemo_carb","Bacteria","Proteobacteria","Gammaproteobacteria","Betaproteobacteriales","Burkholderiaceae","",""
"197","d2af52fc6f48ab4d05c96dad9527d8a2",1.77842155292047,1.76680951690327,0.0116120360171972,1.44603402034907,308.408232874093,317.661618929986,310.43519020813,0.216616177379653,0.216616177379653,0.216616177379653,TRUE,1.78059919006404,1.78213117470508,0.00153198464104265,"Chemostat","Multi",2,"chemo_carb","Bacteria","Actinobacteria","Actinobacteria","Micrococcales","Microbacteriaceae","",""
"198","d4cc0a095dd016823ef8c5ad567c91fd",1.78942305065829,1.77422864077205,0.0151944098862407,1.53487941910816,308.452300191878,317.661376541969,311.093871053584,0.283656770263096,0.283656770263096,0.283656770263096,TRUE,1.78230896847689,1.7899607442829,0.00765177580601373,"Batch","Multi",3,"batch_carb","Bacteria","Bacteroidetes","Bacteroidia","Flavobacteriales","Cryomorphaceae","uncultured",""
"199","d4cc0a095dd016823ef8c5ad567c91fd",1.79582102550245,1.7742242494585,0.0215967760439451,1.53482683230547,308.452274108823,317.661376685436,312.206914868697,0.403179128675161,0.403179128675161,0.403179128675161,TRUE,1.78659803876709,1.7882823617149,0.00168432294781051,"Batch","Single",3,"batch_glu","Bacteria","Bacteroidetes","Bacteroidia","Flavobacteriales","Cryomorphaceae","uncultured",""
"200","d52d14abfccb539e79068c89454cbbbd",1.76961629665353,1.79821890957841,-0.0286026129248806,1.82216738412102,308.594795022524,317.660592762943,303.686261681202,-0.535417647514553,-0.535417647514553,-0.535417647514553,FALSE,1.801600991782,1.77081499628415,-0.0307859954978456,"Batch","Single",5,"batch_glu","Bacteria","Epsilonbacteraeota","Campylobacteria","Campylobacterales","Arcobacteraceae","Arcobacter",""
"201","d56e5ac31cfe9e5dea7d4a63d13f1232",1.78875749918486,1.77396152628983,0.0147959728950253,1.53168067312325,308.450713613869,317.661385268788,311.023389700947,0.276210873292462,0.276210873292462,0.276210873292462,TRUE,1.78964238152249,1.7841680508179,-0.00547433070459546,"Batch","Single",3,"batch_glu","Bacteria","Bacteroidetes","Bacteroidia","Flavobacteriales","","",""
"202","d56e5ac31cfe9e5dea7d4a63d13f1232",1.79176268615642,1.77340414128427,0.0183585448721526,1.52500588322117,308.447402918078,317.661403478949,311.64049655948,0.34269706304847,0.34269706304847,0.34269706304847,TRUE,1.77923434513327,1.78990322476381,0.0106688796305461,"Batch","Multi",3,"batch_carb","Bacteria","Bacteroidetes","Bacteroidia","Flavobacteriales","","",""
"203","d5b23bb0b75b67df5ecd5ad44760b312",1.78740110839278,1.77380646919826,0.0135946391945176,1.52982383539217,308.449792622354,317.661390334612,310.813784248916,0.253780315262658,0.253780315262658,0.253780315262658,TRUE,1.78167702277845,1.78633902549343,0.00466200271497752,"Batch","Multi",2,"batch_carb","Bacteria","Bacteroidetes","Bacteroidia","Chitinophagales","Saprospiraceae","uncultured","uncultured Sphingobacteriales bacterium"
"204","d5b23bb0b75b67df5ecd5ad44760b312",1.78880597029847,1.77566639036331,0.0131395799351617,1.55209673991456,308.460839982998,317.661329569674,310.743389163305,0.245333111820871,0.245333111820871,0.245333111820871,TRUE,1.78690275927352,1.78271930681713,-0.00418345245639129,"Batch","Single",2,"batch_glu","Bacteria","Bacteroidetes","Bacteroidia","Chitinophagales","Saprospiraceae","uncultured","uncultured Sphingobacteriales bacterium"
"205","d5c62883f6e56836e55aefb9a15623a5",1.77125136600871,1.76501444731575,0.00623691869296361,1.42453772562147,308.397570711908,317.661677576177,309.487335487807,0.116325833226659,0.116325833226659,0.116325833226659,TRUE,1.78248721019174,1.76887888529798,-0.0136083248937573,"Chemostat","Multi",9,"chemo_carb","Bacteria","Proteobacteria","Alphaproteobacteria","Elsterales","Elsteraceae","Elstera","Ambiguous_taxa"
"206","d5eb9156cd0592eb1cd773db88550ef3",1.76743124705857,1.79513437624936,-0.0277031291907968,1.78522951942812,308.576473841636,317.660693536825,303.814415895904,-0.518386888953623,-0.518386888953623,-0.518386888953623,FALSE,1.79598727095028,1.76946068738862,-0.026526583561653,"Batch","Single",2,"batch_glu","Bacteria","Proteobacteria","Gammaproteobacteria","Methylococcales","Methylococcaceae","Methyloparacoccus",""
"207","d94c20c00db235bb6fccc68f06f100c7",1.76679195678727,1.76136322226282,0.00542873452444859,1.38081362133049,308.37588355618,317.661796864278,309.326335333763,0.101216758394842,0.101216758394842,0.101216758394842,TRUE,1.79080268746278,1.75268560617136,-0.0381170812914191,"Chemostat","Multi",2,"chemo_carb","Bacteria","Proteobacteria","Alphaproteobacteria","Rhodospirillales","Magnetospirillaceae","Magnetospirillum",""
"208","dc3835d12dc9edc210bddff9c66bf356",1.79361830132136,1.77286171036161,0.0207565909597471,1.51851017126447,308.444181044947,317.661421200551,312.05543265157,0.387439420777851,0.387439420777851,0.387439420777851,TRUE,1.77871344820413,1.79467296694009,0.0159595187359591,"Batch","Multi",2,"batch_carb","Bacteria","Bacteroidetes","Bacteroidia","Chitinophagales","Saprospiraceae","Candidatus Aquirestis",""
"209","dc3835d12dc9edc210bddff9c66bf356",1.79575399489007,1.77529822021402,0.0204557746760543,1.54768783337745,308.458653165355,317.661341598053,312.01285078364,0.38192124259875,0.38192124259875,0.38192124259875,TRUE,1.7869057280709,1.7892422055227,0.00233647745180665,"Batch","Single",2,"batch_glu","Bacteria","Bacteroidetes","Bacteroidia","Chitinophagales","Saprospiraceae","Candidatus Aquirestis",""
"210","de05e9f7072b8da3d4f510900a0b870a",1.76492136300453,1.79691960461285,-0.0319982416083235,1.80660796365351,308.587077549972,317.660635212154,303.091982588961,-0.598886550869926,-0.598886550869926,-0.598886550869926,FALSE,1.79724368065689,1.74986186087829,-0.0473818197786007,"Chemostat","Multi",1,"chemo_carb","Bacteria","Proteobacteria","Alphaproteobacteria","","","",""
"211","e177a451db2600efdeb8bde47ef88671",1.81377409315573,1.77445098963905,0.0393231035166792,1.53754208846134,308.453620875877,317.661369277674,315.289173807245,0.734120190571552,0.734120190571552,0.734120190571552,TRUE,1.774605172226,1.81289906251758,0.038293890291585,"Batch","Single",5,"batch_glu","Bacteria","Bacteroidetes","Bacteroidia","Flavobacteriales","Flavobacteriaceae","Flavobacterium",""
"212","e33c5576113465ae725d3993fc43738e",1.75541677354457,1.76418293366152,-0.00876616011694731,1.41458019377671,308.392631776113,317.661704742315,306.860240130409,-0.163485950490738,-0.163485950490738,-0.163485950490738,FALSE,1.77688898251471,1.74868976654252,-0.0281992159721967,"Chemostat","Multi",1,"chemo_carb","Bacteria","Proteobacteria","Gammaproteobacteria","Xanthomonadales","Xanthomonadaceae","",""
"213","e416d0916760d2fc17b616e2ac3ad855",1.76973504386636,1.76409802786008,0.00563701600628042,1.41356343089217,308.392127461723,317.661707516248,309.37756666706,0.105127597362673,0.105127597362673,0.105127597362673,TRUE,1.77686119256134,1.76602825298012,-0.0108329395812219,"Chemostat","Multi",2,"chemo_carb","Bacteria","Proteobacteria","Gammaproteobacteria","Betaproteobacteriales","Methylophilaceae","Methylotenera",""
"214","e416d0916760d2fc17b616e2ac3ad855",1.78557876900326,1.77374994004334,0.011828828959912,1.52914688816785,308.449456856531,317.66139218146,310.506452482332,0.220815446466909,0.220815446466909,0.220815446466909,TRUE,1.78337308209903,1.78386734105688,0.000494258957850491,"Batch","Multi",2,"batch_carb","Bacteria","Proteobacteria","Gammaproteobacteria","Betaproteobacteriales","Methylophilaceae","Methylotenera",""
"215","e416d0916760d2fc17b616e2ac3ad855",1.77723830586245,1.77771079005181,-0.000472484189360634,1.57657880932882,308.472983089427,317.661262777692,308.390996408483,-0.00882380822530782,-0.00882380822530782,-0.00882380822530782,FALSE,1.7965383335522,1.77505274225502,-0.021485591297179,"Batch","Single",2,"batch_glu","Bacteria","Proteobacteria","Gammaproteobacteria","Betaproteobacteriales","Methylophilaceae","Methylotenera",""
"216","e4278f7eb9e1d1595866d1c4440c78c9",1.79057125149541,1.77172275301941,0.0188484984760031,1.5048709436377,308.437415988044,317.661458411092,311.718731958777,0.351782088157354,0.351782088157354,0.351782088157354,TRUE,1.77410139467084,1.79533470857872,0.0212333139078706,"Batch","Multi",7,"batch_carb","Bacteria","Bacteroidetes","Bacteroidia","Flavobacteriales","Flavobacteriaceae","Flavobacterium",""
"217","e4278f7eb9e1d1595866d1c4440c78c9",1.80685780318682,1.77370270072706,0.0331551024597521,1.5285811885022,308.449176269497,317.661393724801,314.214891143049,0.618922032057346,0.618922032057346,0.618922032057346,TRUE,1.78480743486863,1.80527159623121,0.0204641613625769,"Batch","Single",7,"batch_glu","Bacteria","Bacteroidetes","Bacteroidia","Flavobacteriales","Flavobacteriaceae","Flavobacterium",""
"218","e50cc2a3da1dd7fd34ca4daba09a32ad",1.7769828067187,1.76341396498182,0.0135688417368709,1.40537164972367,308.388064338263,317.661729865065,310.761000541356,0.253035581901648,0.253035581901648,0.253035581901648,TRUE,1.75697953421959,1.77504232887251,0.0180627946529217,"Chemostat","Multi",1,"chemo_carb","Bacteria","Proteobacteria","Alphaproteobacteria","Rhodospirillales","uncultured","metagenome","metagenome"
"219","e61c5d15739059361f8ac80a09a88441",1.76111325780488,1.76481205704584,-0.00369879924095873,1.42211406420905,308.396368575848,317.66168418841,307.750012920327,-0.0689855764128087,-0.0689855764128087,-0.0689855764128087,FALSE,1.78109641343182,1.74603967726985,-0.0350567361619742,"Chemostat","Multi",3,"chemo_carb","Bacteria","Bacteroidetes","Bacteroidia","Cytophagales","Cytophagaceae","Cytophaga","uncultured Bacteroidetes bacterium"
"220","e657907312415da47ee5d5a4796a675a",1.76318266054465,1.7628102883105,0.000372372234149099,1.39814250844847,308.38447868419,317.661749587608,308.449621154748,0.00694369999519788,0.00694369999519788,0.00694369999519788,FALSE,1.77316626788685,1.74950984578903,-0.0236564220978188,"Chemostat","Multi",2,"chemo_carb","Bacteria","Proteobacteria","Deltaproteobacteria","Bdellovibrionales","Bdellovibrionaceae","Bdellovibrio","uncultured bacterium"
"221","e6c8443214bca5d5809bbb0c5644af52",1.78741265784537,1.78067350701764,0.00673915082773324,1.6120579002424,308.49058071852,317.661165983637,309.658096573731,0.125896221491916,0.125896221491916,0.125896221491916,TRUE,1.78742382936808,1.78671200070233,-0.000711828665748593,"Batch","Multi",5,"batch_carb","Bacteria","Bacteroidetes","Bacteroidia","Flavobacteriales","Flavobacteriaceae","Flavobacterium",""
"222","e6c8443214bca5d5809bbb0c5644af52",1.79324834995575,1.77517670551127,0.0180716444444837,1.54623267203878,308.457931405331,317.661345568024,311.59809319606,0.33740383967987,0.33740383967987,0.33740383967987,TRUE,1.78790003663843,1.78692034260495,-0.000979694033472978,"Batch","Single",5,"batch_glu","Bacteria","Bacteroidetes","Bacteroidia","Flavobacteriales","Flavobacteriaceae","Flavobacterium",""
"223","e739dae8872120bd9c58ff3f4afc28b3",1.76441239653067,1.75998086785377,0.00443152867689922,1.36425966821274,308.367672795433,317.661842026773,309.144124522825,0.0826134666215187,0.0826134666215187,0.0826134666215187,TRUE,1.77613651910476,1.75846030595722,-0.0176762131475445,"Chemostat","Multi",1,"chemo_carb","Bacteria","Proteobacteria","Deltaproteobacteria","Bdellovibrionales","Bdellovibrionaceae","Bdellovibrio","Bdellovibrionales bacterium RIFCSPHIGHO2_01_FULL_40_29"
"224","e747694a818ae82e58f977992c196fd0",1.78807099063359,1.77298355849495,0.0150874321386372,1.51996932549696,308.444904785446,317.661417219686,311.069656463014,0.281623291812136,0.281623291812136,0.281623291812136,TRUE,1.77954366529592,1.78751088042476,0.00796721512884058,"Batch","Multi",1,"batch_carb","Bacteria","Proteobacteria","Alphaproteobacteria","Thalassobaculales","Thalassobaculaceae","Thalassobaculum","alpha proteobacterium BAL199"
"225","e747694a818ae82e58f977992c196fd0",1.78618317825289,1.77611080224357,0.0100723760093238,1.55741865546869,308.463479653112,317.661315050424,310.21278501643,0.188073218330801,0.188073218330801,0.188073218330801,TRUE,1.79273212774722,1.78013625598562,-0.012595871761601,"Batch","Single",1,"batch_glu","Bacteria","Proteobacteria","Alphaproteobacteria","Thalassobaculales","Thalassobaculaceae","Thalassobaculum","alpha proteobacterium BAL199"
"226","eb2625c1474f98f554b002fcd5d1088e",1.7959766276911,1.7715770489421,0.0243995787489999,1.50312611000528,308.436550550563,317.661463171347,312.684585886492,0.45537881366602,0.45537881366602,0.45537881366602,TRUE,1.77527757272029,1.79723014765688,0.0219525749365903,"Batch","Multi",3,"batch_carb","Bacteria","Bacteroidetes","Bacteroidia","Cytophagales","Spirosomaceae","Flectobacillus",""
"227","eb2625c1474f98f554b002fcd5d1088e",1.81729446798282,1.7749300385662,0.0423644294166168,1.54327878914335,308.456466279415,317.661353626807,315.818774601353,0.790938079689284,0.790938079689284,0.790938079689284,TRUE,1.77562414679414,1.81826813028508,0.042643983490944,"Batch","Single",3,"batch_glu","Bacteria","Bacteroidetes","Bacteroidia","Cytophagales","Spirosomaceae","Flectobacillus",""
"228","efbe1f58b1e2984ddc53a64f047d94ff",1.81044063981538,1.77681147955717,0.0336291602582099,1.56580939761421,308.467641461217,317.661292158801,314.305912920244,0.627976290361134,0.627976290361134,0.627976290361134,TRUE,1.78099406007516,1.8115001068918,0.0305060468166369,"Batch","Single",8,"batch_glu","Bacteria","Proteobacteria","Gammaproteobacteria","Betaproteobacteriales","Burkholderiaceae","Janthinobacterium",""
"229","efbe1f58b1e2984ddc53a64f047d94ff",1.78088457315974,1.76366414572664,0.0172204274331014,1.40836761102961,308.389550335071,317.661721691484,311.400667778003,0.321139115939465,0.321139115939465,0.321139115939465,TRUE,1.77566024824766,1.79487082040982,0.0192105721621612,"Chemostat","Multi",8,"chemo_carb","Bacteria","Proteobacteria","Gammaproteobacteria","Betaproteobacteriales","Burkholderiaceae","Janthinobacterium",""
"230","f1e34308d952529287ada31976faec95",1.77169309660922,1.76152472540921,0.0101683712000118,1.38274765177598,308.376842835281,317.661791587856,310.156942860109,0.189588441770481,0.189588441770481,0.189588441770481,TRUE,1.77031866374248,1.76909523982081,-0.00122342392167396,"Chemostat","Multi",2,"chemo_carb","Bacteria","Bacteroidetes","Bacteroidia","Cytophagales","Microscillaceae","OLB12",""
"231","fb2dab56bf8047ade734c2fceccb49e4",1.78009884828281,1.77314058895337,0.00695825932943972,1.52184979466594,308.445837498154,317.66141208939,309.656258228337,0.129885567496665,0.129885567496665,0.129885567496665,TRUE,1.78302898240339,1.77616851538319,-0.00686046702019483,"Batch","Single",1,"batch_glu","Bacteria","Proteobacteria","Alphaproteobacteria","SAR11 clade","Clade III","",""
"232","fb800d4d7cd0a8e0da07b414fcf21b8c",1.80345283125533,1.77455630998431,0.0288965212710133,1.5388033193341,308.45424644639,317.661365836784,313.477053918558,0.539473006420768,0.539473006420768,0.539473006420768,TRUE,1.78482179416701,1.79960850157517,0.0147867074081616,"Batch","Single",3,"batch_glu","Bacteria","Bacteroidetes","Bacteroidia","Cytophagales","Cyclobacteriaceae","Algoriphagus","uncultured Hongiella sp."
"233","fb800d4d7cd0a8e0da07b414fcf21b8c",1.79756261712227,1.77161885507519,0.0259437620470786,1.50362674628396,308.436798866157,317.661461805511,312.953577908908,0.484200575441697,0.484200575441697,0.484200575441697,TRUE,1.77439419427114,1.8003508206642,0.0259566263930657,"Batch","Multi",3,"batch_carb","Bacteria","Bacteroidetes","Bacteroidia","Cytophagales","Cyclobacteriaceae","Algoriphagus","uncultured Hongiella sp."
"234","fd3acdbb6eaf9e3669c9f303a6fa0b28",1.81010031338414,1.7743824645167,0.0357178488674403,1.53672148727871,308.45321385769,317.661371516438,314.662295324377,0.6668091850707,0.6668091850707,0.6668091850707,TRUE,1.77447287124868,1.8090012534127,0.0345283821640228,"Batch","Single",6,"batch_glu","Bacteria","Proteobacteria","Gammaproteobacteria","Alteromonadales","Alteromonadaceae","Rheinheimera",""
"235","fecd0294f7ecdb7bc5c54d01e9f541f0",1.78962611012915,1.7756194037194,0.0140067064097495,1.55153406604796,308.46056089676,317.661331104761,310.893805603603,0.261522202412696,0.261522202412696,0.261522202412696,TRUE,1.77987563405495,1.78145663656411,0.00158100250915627,"Batch","Single",1,"batch_glu","Bacteria","Actinobacteria","Thermoleophilia","Gaiellales","uncultured","",""
"236","ffd660f96ba6668b2d8d86fc4e150862",1.79485902930955,1.7744018329867,0.0204571963228519,1.53695342833684,308.453328900455,317.661370883657,312.009507770679,0.381911968200667,0.381911968200667,0.381911968200667,TRUE,1.78706231110678,1.78753000819997,0.000467697093183617,"Batch","Single",2,"batch_glu","Bacteria","Bacteroidetes","Bacteroidia","Sphingobacteriales","env.OPS 17","",""
"237","ffd660f96ba6668b2d8d86fc4e150862",1.76420940992298,1.74701613430146,0.0171932756215287,1.2090045541812,308.290666258874,317.662265593775,311.32471173359,0.320151348019374,0.320151348019374,0.320151348019374,TRUE,1.77416455449153,1.75693166236837,-0.0172328921231624,"Chemostat","Multi",2,"chemo_carb","Bacteria","Bacteroidetes","Bacteroidia","Sphingobacteriales","env.OPS 17","",""
"238","ffd660f96ba6668b2d8d86fc4e150862",1.78166330936397,1.77407017061019,0.00759313875378909,1.53298170922072,308.451358927773,317.661381719301,309.771551333876,0.141750136994646,0.141750136994646,0.141750136994646,TRUE,1.78513299070218,1.77882037618734,-0.00631261451484533,"Batch","Multi",2,"batch_carb","Bacteria","Bacteroidetes","Bacteroidia","Sphingobacteriales","env.OPS 17","",""
