,OTU,Wlab,Wlight,Z,Gi,Mlight,Mheavymax,Mlab,A,A_CI_low,A_CI_high,Incorporator,CM_control,CM_treatment,delta_BD,Culture,Substrate,copy_number,id,Domain,Phylum,Class,Order,Family,Genus,Species
1,00feb692689d706370ba89503e9ae97e,1.762555065,1.763477401,-0.000922336,1.406131309,308.3884411,317.6617278,308.2271474,-0.017200093,-0.017200093,-0.017200093,FALSE,1.781355374,1.777140436,-0.004214938,Chemostat,Multi,2,chemo_carb,Bacteria,Proteobacteria,Deltaproteobacteria,Bdellovibrionales,Bdellovibrionaceae,Bdellovibrio,metagenome
2,02dd75f976cd05e6517f3d4da0a1a415,1.761812062,1.761111174,0.000700887,1.377795298,308.3743865,317.6618051,308.4971134,0.013067477,0.013067477,0.013067477,TRUE,1.772052238,1.750713654,-0.021338584,Chemostat,Multi,3,chemo_carb,Bacteria,Proteobacteria,Alphaproteobacteria,Rhizobiales,Xanthobacteraceae,,
3,06eb32e29df10778b60c49356ef3b5e0,1.769951488,1.779057826,-0.009106338,1.592709818,308.4809841,317.6612188,306.9019842,-0.170088621,-0.170088621,-0.170088621,FALSE,1.792543661,1.772680861,-0.019862799,Batch,Single,3,batch_glu,Bacteria,Proteobacteria,Gammaproteobacteria,Francisellales,Francisellaceae,[Caedibacter] taeniospiralis group,
4,07eb166d091e1aebe641105881f4f2d3,1.769075028,1.764847725,0.004227303,1.422541199,308.3965804,317.661683,309.1352764,0.078842871,0.078842871,0.078842871,TRUE,1.780522967,1.764715166,-0.015807801,Chemostat,Multi,2,chemo_carb,Bacteria,Proteobacteria,Gammaproteobacteria,Betaproteobacteriales,Rhodocyclaceae,Zoogloea,
5,0893f5bbbc8d21217aa590338706fe49,1.763234668,1.787805282,-0.024570614,1.697462246,308.5329413,317.660933,304.292634,-0.459376798,-0.459376798,-0.459376798,FALSE,1.79328298,1.752116436,-0.041166544,Chemostat,Multi,1,chemo_carb,Bacteria,Planctomycetes,OM190,,,,
6,0ae5531a9802e71139c959faebdde10c,1.769419818,1.764580124,0.004839694,1.419336626,308.394991,317.6616918,309.2408224,0.090262148,0.090262148,0.090262148,TRUE,1.776392265,1.758338427,-0.018053839,Chemostat,Multi,2,chemo_carb,Bacteria,Proteobacteria,Alphaproteobacteria,Reyranellales,Reyranellaceae,Reyranella,
7,0b06017e8169c7ce93b22574992470dc,1.796787638,1.773863313,0.022924325,1.530504549,308.4501303,317.6613885,312.4363511,0.427946387,0.427946387,0.427946387,TRUE,1.785237268,1.7907421,0.005504831,Batch,Single,2,batch_glu,Bacteria,Bacteroidetes,Bacteroidia,Flavobacteriales,Cryomorphaceae,uncultured,
8,0b06017e8169c7ce93b22574992470dc,1.78739143,1.773817383,0.013574047,1.529954534,308.4498574,317.66139,310.8102542,0.253396191,0.253396191,0.253396191,TRUE,1.783238569,1.78839281,0.00515424,Batch,Multi,2,batch_carb,Bacteria,Bacteroidetes,Bacteroidia,Flavobacteriales,Cryomorphaceae,uncultured,
9,0e4971b9fdfe3044222a19f5b7f167dc,1.785297465,1.775736524,0.009560941,1.552936605,308.4612566,317.6613273,310.1220771,0.178516562,0.178516562,0.178516562,TRUE,1.776283944,1.782520266,0.006236322,Batch,Single,3,batch_glu,Bacteria,Actinobacteria,Actinobacteria,PeM15,uncultured bacterium,uncultured bacterium,uncultured bacterium
10,0e4971b9fdfe3044222a19f5b7f167dc,1.791635753,1.773568375,0.018067379,1.526972608,308.4483784,317.6613981,311.5905486,0.337267633,0.337267633,0.337267633,TRUE,1.782327135,1.793629125,0.01130199,Batch,Multi,3,batch_carb,Bacteria,Actinobacteria,Actinobacteria,PeM15,uncultured bacterium,uncultured bacterium,uncultured bacterium
11,101ab1c0cf819a3e48e09b3356bb6f3d,1.752201529,1.748803415,0.003398114,1.230407581,308.3012822,317.6622072,308.9003448,0.063284948,0.063284948,0.063284948,TRUE,1.770617177,1.746097378,-0.024519799,Chemostat,Multi,1,chemo_carb,Bacteria,Verrucomicrobia,Verrucomicrobiae,Opitutales,Opitutaceae,Ambiguous_taxa,Ambiguous_taxa
12,1083eb67a7140dca982f34e3968117a3,1.767051113,1.763151977,0.003899136,1.40223429,308.3865082,317.6617384,309.0684919,0.072710354,0.072710354,0.072710354,TRUE,1.787969273,1.758158801,-0.029810472,Chemostat,Multi,2,chemo_carb,Bacteria,Proteobacteria,Alphaproteobacteria,Rhodospirillales,Magnetospirillaceae,Magnetospirillum,
13,11b50e80047289f589868d85531954f4,1.792016626,1.782529463,0.009487163,1.634283322,308.5016045,317.6611053,310.1435436,0.17726876,0.17726876,0.17726876,TRUE,1.796046172,1.78348971,-0.012556463,Batch,Single,3,batch_glu,Bacteria,Bacteroidetes,Bacteroidia,Flavobacteriales,Crocinitomicaceae,Fluviicola,
14,11b50e80047289f589868d85531954f4,1.791030033,1.773820727,0.017209307,1.52999457,308.4498773,317.6613899,311.4424055,0.321258235,0.321258235,0.321258235,TRUE,1.784867378,1.792952464,0.008085086,Batch,Multi,3,batch_carb,Bacteria,Bacteroidetes,Bacteroidia,Flavobacteriales,Crocinitomicaceae,Fluviicola,
15,123fa4546d88beaa1017c112c3c600cc,1.786108558,1.770282886,0.015825672,1.487628261,308.4288636,317.6615055,311.1861032,0.295321786,0.295321786,0.295321786,TRUE,1.78474942,1.782691597,-0.002057823,Batch,Single,1,batch_glu,Bacteria,Bacteroidetes,Bacteroidia,Chitinophagales,Chitinophagaceae,Sediminibacterium,
16,137dc661fa672b506fd805198510edf9,1.766126468,1.762270651,0.003855816,1.391680254,308.3812734,317.6617672,309.0560061,0.071896477,0.071896477,0.071896477,TRUE,1.77725399,1.753735128,-0.023518862,Chemostat,Multi,3,chemo_carb,Bacteria,Proteobacteria,Gammaproteobacteria,Betaproteobacteriales,Burkholderiaceae,,
17,1583d8af9fd9cb078f88c0e1a8b8a888,1.769742396,1.763430107,0.00631229,1.40556495,308.3881602,317.6617293,309.4920516,0.117713536,0.117713536,0.117713536,TRUE,1.778735698,1.765697382,-0.013038316,Chemostat,Multi,2,chemo_carb,Bacteria,Proteobacteria,Alphaproteobacteria,Rhizobiales,Xanthobacteraceae,Ancylobacter,
18,177d2176a3368f43cc132f9e34a9405c,1.788832251,1.773502106,0.015330145,1.526179025,308.4479848,317.6614003,311.114208,0.286169145,0.286169145,0.286169145,TRUE,1.781754564,1.788202665,0.006448101,Batch,Multi,1,batch_carb,Bacteria,Planctomycetes,Planctomycetacia,Pirellulales,Pirellulaceae,uncultured,
19,177d2176a3368f43cc132f9e34a9405c,1.786389521,1.775346127,0.011043394,1.548261527,308.4589377,317.66134,310.377681,0.206187637,0.206187637,0.206187637,TRUE,1.787545233,1.781035726,-0.006509508,Batch,Single,1,batch_glu,Bacteria,Planctomycetes,Planctomycetacia,Pirellulales,Pirellulaceae,uncultured,
20,1bccea8882fb44e316fa3626a2062514,1.785726436,1.772959072,0.012767365,1.519676091,308.4447593,317.661418,310.6659199,0.238316113,0.238316113,0.238316113,TRUE,1.779154995,1.786007957,0.006852962,Batch,Multi,1,batch_carb,Bacteria,Planctomycetes,Planctomycetacia,Pirellulales,Pirellulaceae,uncultured,
21,1bccea8882fb44e316fa3626a2062514,1.780885827,1.77517697,0.005708858,1.546235834,308.457933,317.6613456,309.4499144,0.10658635,0.10658635,0.10658635,TRUE,1.787908979,1.776830073,-0.011078906,Batch,Single,1,batch_glu,Bacteria,Planctomycetes,Planctomycetacia,Pirellulales,Pirellulaceae,uncultured,
22,1c2b8892a0d7f828d72808cd01cfd199,1.772908174,1.758687693,0.01422048,1.348773663,308.3599917,317.6618843,310.8533435,0.26506916,0.26506916,0.26506916,TRUE,1.772173161,1.763971027,-0.008202135,Chemostat,Multi,2,chemo_carb,Bacteria,Proteobacteria,Alphaproteobacteria,Rhizobiales,Devosiaceae,Devosia,
23,1e104b993416995498346089f57fd3bf,1.768826161,1.763328323,0.005497838,1.404346071,308.3875557,317.6617327,309.3490696,0.102524384,0.102524384,0.102524384,TRUE,1.777855358,1.764825355,-0.013030003,Chemostat,Multi,2,chemo_carb,Bacteria,Proteobacteria,Gammaproteobacteria,Betaproteobacteriales,Methylophilaceae,Methylophilus,
24,20ada5c0fa2722151f9039d1896592e8,1.793309698,1.770064838,0.02324486,1.485017104,308.4275685,317.6615126,312.4779035,0.433761165,0.433761165,0.433761165,TRUE,1.779515867,1.791657999,0.012142132,Batch,Single,3,batch_glu,Bacteria,Verrucomicrobia,Verrucomicrobiae,Verrucomicrobiales,Verrucomicrobiaceae,Prosthecobacter,
25,211b7bfb480d7e0ba8224a99279d1055,1.797863807,1.775203361,0.022660446,1.546551876,308.4580897,317.6613447,312.395553,0.423079536,0.423079536,0.423079536,TRUE,1.786422216,1.790670941,0.004248724,Batch,Single,2,batch_glu,Bacteria,Bacteroidetes,Bacteroidia,Chitinophagales,Saprospiraceae,Candidatus Aquirestis,
26,211b7bfb480d7e0ba8224a99279d1055,1.793327162,1.773498635,0.019828527,1.526137462,308.4479642,317.6614004,311.8965536,0.370140685,0.370140685,0.370140685,TRUE,1.781695148,1.797147062,0.015451914,Batch,Multi,2,batch_carb,Bacteria,Bacteroidetes,Bacteroidia,Chitinophagales,Saprospiraceae,Candidatus Aquirestis,
27,21bdb6c8cb7ed339792d39838ea86d08,1.764587795,1.752696433,0.011891362,1.27702719,308.3244055,317.66208,310.4162664,0.221534335,0.221534335,0.221534335,TRUE,1.765117583,1.7536786,-0.011438983,Chemostat,Multi,2,chemo_carb,Bacteria,Proteobacteria,Gammaproteobacteria,Diplorickettsiales,Diplorickettsiaceae,Aquicella,
28,2461a8cf82261ae32270bfb8a9e60b2e,1.764662348,1.796457156,-0.031794808,1.801070051,308.5843307,317.6606503,303.1228147,-0.595045801,-0.595045801,-0.595045801,FALSE,1.796444248,1.754948054,-0.041496194,Chemostat,Multi,1,chemo_carb,Bacteria,Proteobacteria,Alphaproteobacteria,,,,
29,27af011f1ebcc0867bb168193e6a9d27,1.76922967,1.761422677,0.007806993,1.381525597,308.3762367,317.6617949,309.7430246,0.14555934,0.14555934,0.14555934,TRUE,1.788571879,1.75594592,-0.032625959,Chemostat,Multi,2,chemo_carb,Bacteria,Proteobacteria,Gammaproteobacteria,Betaproteobacteriales,Burkholderiaceae,,
30,27c7baf02d6ba15f77c56b6acb9434c0,1.788195432,1.78941107,-0.001215637,1.71669185,308.5424792,317.6608805,308.3328706,-0.022731976,-0.022731976,-0.022731976,FALSE,1.7941491,1.777892524,-0.016256575,Batch,Single,2,batch_glu,Bacteria,Chloroflexi,Chloroflexia,Chloroflexales,Roseiflexaceae,uncultured,uncultured Roseiflexus sp.
31,282d970c7e74112691085e63921dbcfd,1.787644535,1.77432549,0.013319045,1.53603921,308.4528754,317.6613734,310.7682892,0.248649039,0.248649039,0.248649039,TRUE,1.784415325,1.783751236,-0.000664089,Batch,Multi,1,batch_carb,Bacteria,Bacteroidetes,Bacteroidia,Chitinophagales,Chitinophagaceae,Sediminibacterium,
32,282d970c7e74112691085e63921dbcfd,1.784796094,1.782262099,0.002533995,1.631081584,308.5000165,317.6611141,308.9386375,0.047346608,0.047346608,0.047346608,TRUE,1.796278635,1.779815073,-0.016463562,Batch,Single,1,batch_glu,Bacteria,Bacteroidetes,Bacteroidia,Chitinophagales,Chitinophagaceae,Sediminibacterium,
33,285bfcf58e6f5f2669ba8a2efb4ed898,1.773777526,1.757220329,0.016557196,1.331201704,308.351276,317.6619322,311.2566787,0.308583713,0.308583713,0.308583713,TRUE,1.764753563,1.750223641,-0.014529922,Chemostat,Multi,3,chemo_carb,Bacteria,Verrucomicrobia,Verrucomicrobiae,Verrucomicrobiales,Verrucomicrobiaceae,Prosthecobacter,
34,29731c1ae123c2faa2b4184d96385388,1.791868752,1.776170045,0.015698707,1.558128104,308.4638315,317.6613131,311.1901939,0.293130909,0.293130909,0.293130909,TRUE,1.783646762,1.786307158,0.002660396,Batch,Single,6,batch_glu,Bacteria,Actinobacteria,Actinobacteria,PeM15,,,
35,29b2870e522fa2d0b60ae25278a57c5b,1.767131655,1.763182964,0.003948691,1.402605367,308.3866923,317.6617374,309.0773317,0.073634663,0.073634663,0.073634663,TRUE,1.783209375,1.750621636,-0.032587739,Chemostat,Multi,3,chemo_carb,Bacteria,Proteobacteria,Gammaproteobacteria,Betaproteobacteriales,,,
36,29f3083d2d8f993bec5a67e7af219321,1.760520496,1.764414637,-0.003894141,1.417354886,308.394008,317.6616972,307.7133688,-0.07262606,-0.07262606,-0.07262606,FALSE,1.774822004,1.744890655,-0.029931349,Chemostat,Multi,1,chemo_carb,Bacteria,Verrucomicrobia,Verrucomicrobiae,Opitutales,Opitutaceae,Lacunisphaera,
37,2aee17e668dd944e7792d625ec479fcf,1.767498229,1.794593395,-0.027095166,1.77875117,308.5732606,317.6607112,303.9143535,-0.506977801,-0.506977801,-0.506977801,FALSE,1.795878317,1.769330033,-0.026548284,Batch,Single,1,batch_glu,Bacteria,Proteobacteria,Alphaproteobacteria,Rhodospirillales,Magnetospiraceae,uncultured,
38,2b4e6ccd11a78681bceaffed2053907f,1.792437016,1.77397369,0.018463326,1.531826337,308.4507859,317.6613849,311.6611082,0.344673362,0.344673362,0.344673362,TRUE,1.787486866,1.785460548,-0.002026317,Batch,Single,3,batch_glu,Bacteria,Bacteroidetes,Bacteroidia,Flavobacteriales,Cryomorphaceae,uncultured,uncultured Bacteroidetes/Chlorobi group bacterium
39,2b4e6ccd11a78681bceaffed2053907f,1.787442752,1.774198239,0.013244513,1.53451535,308.4521196,317.6613775,310.7547361,0.247254348,0.247254348,0.247254348,TRUE,1.784531194,1.7879393,0.003408106,Batch,Multi,3,batch_carb,Bacteria,Bacteroidetes,Bacteroidia,Flavobacteriales,Cryomorphaceae,uncultured,uncultured Bacteroidetes/Chlorobi group bacterium
40,2c070f4880cc78c48ec292dd9c89b597,1.803086082,1.774964029,0.028122054,1.543685827,308.4566682,317.6613525,313.3437728,0.525036749,0.525036749,0.525036749,TRUE,1.784224308,1.797630842,0.013406534,Batch,Single,2,batch_glu,Bacteria,Proteobacteria,Alphaproteobacteria,Caulobacterales,Caulobacteraceae,Caulobacter,
41,2c070f4880cc78c48ec292dd9c89b597,1.794293936,1.772998093,0.021295843,1.52014338,308.4449911,317.6614167,312.1497871,0.39751062,0.39751062,0.39751062,TRUE,1.77725357,1.797443762,0.020190192,Batch,Multi,2,batch_carb,Bacteria,Proteobacteria,Alphaproteobacteria,Caulobacterales,Caulobacteraceae,Caulobacter,
42,2da31e61296f678bb466e1ae0593e33d,1.784578866,1.774809433,0.009769433,1.541834511,308.4557499,317.6613576,310.1536437,0.182391677,0.182391677,0.182391677,TRUE,1.781120381,1.780546508,-0.000573872,Batch,Single,1,batch_glu,Bacteria,Planctomycetes,Planctomycetacia,Pirellulales,Pirellulaceae,uncultured,
43,304d1a8fe851969c2eb82c85f9f88c11,1.782208356,1.776510948,0.005697408,1.562210477,308.4658564,317.661302,309.4551302,0.106387519,0.106387519,0.106387519,TRUE,1.787934597,1.778951885,-0.008982713,Batch,Single,2,batch_glu,Bacteria,Proteobacteria,Alphaproteobacteria,Caulobacterales,Caulobacteraceae,,
44,34327ad682b105ca4607c44af24c5dd2,1.776603987,1.764243433,0.012360555,1.415304681,308.3929911,317.6617028,310.5536388,0.230521556,0.230521556,0.230521556,TRUE,1.778892407,1.776282654,-0.002609753,Chemostat,Multi,3,chemo_carb,Bacteria,Bacteroidetes,Bacteroidia,Cytophagales,Cyclobacteriaceae,,
45,36dae39c87c9e05e2a808f08e5b671ce,1.76408401,1.761419371,0.002664639,1.381486018,308.3762171,317.661795,308.8427222,0.049681475,0.049681475,0.049681475,TRUE,1.782746379,1.761869294,-0.020877085,Chemostat,Multi,1,chemo_carb,Bacteria,Planctomycetes,vadinHA49,uncultured soil bacterium,uncultured soil bacterium,uncultured soil bacterium,uncultured soil bacterium
46,37762c5e9b1d5a5233d6caeef3660d6a,1.77279744,1.776734582,-0.003937141,1.564888531,308.4671847,317.6612947,307.7836392,-0.073519862,-0.073519862,-0.073519862,FALSE,1.784577795,1.773319613,-0.011258182,Batch,Single,1,batch_glu,Bacteria,Actinobacteria,Acidimicrobiia,Microtrichales,uncultured,,
47,3bb0bf5132b0f988573de9bd6059b22c,1.784227492,1.781022402,0.00320509,1.616235986,308.492653,317.6611546,309.0478098,0.059877581,0.059877581,0.059877581,TRUE,1.78714896,1.782443392,-0.004705568,Batch,Multi,2,batch_carb,Bacteria,Proteobacteria,Gammaproteobacteria,Betaproteobacteriales,Burkholderiaceae,,
48,3bb0bf5132b0f988573de9bd6059b22c,1.778663254,1.774012056,0.004651198,1.532285778,308.4510137,317.6613836,309.2597268,0.08682891,0.08682891,0.08682891,TRUE,1.791147063,1.776810899,-0.014336165,Batch,Single,2,batch_glu,Bacteria,Proteobacteria,Gammaproteobacteria,Betaproteobacteriales,Burkholderiaceae,,
49,3c8a9630951999d2b809868618b05848,1.77964889,1.774431465,0.005217425,1.537308282,308.4535049,317.6613699,309.3604618,0.097403527,0.097403527,0.097403527,TRUE,1.790076348,1.775795176,-0.014281172,Batch,Single,2,batch_glu,Bacteria,Proteobacteria,Alphaproteobacteria,Rhodobacterales,Rhodobacteraceae,,
50,3c8a9630951999d2b809868618b05848,1.786619808,1.774179077,0.012440731,1.534285887,308.4520058,317.6613782,310.6149038,0.232248523,0.232248523,0.232248523,TRUE,1.781785252,1.787598596,0.005813344,Batch,Multi,2,batch_carb,Bacteria,Proteobacteria,Alphaproteobacteria,Rhodobacterales,Rhodobacteraceae,,
51,3d2961d34551d101a985e74adfc1e128,1.759380202,1.764608944,-0.005228742,1.419681744,308.3951621,317.6616908,307.4813513,-0.097518314,-0.097518314,-0.097518314,FALSE,1.780526899,1.747580953,-0.032945945,Chemostat,Multi,2,chemo_carb,Bacteria,Proteobacteria,Alphaproteobacteria,Rhizobiales,Rhizobiales Incertae Sedis,Phreatobacter,Ambiguous_taxa
52,3e5cc4006667756b128e551a166d5861,1.775425264,1.763367312,0.012057952,1.40481297,308.3877872,317.6617314,310.496551,0.224859077,0.224859077,0.224859077,TRUE,1.77751793,1.775083876,-0.002434054,Chemostat,Multi,4,chemo_carb,Bacteria,Proteobacteria,Gammaproteobacteria,Oceanospirillales,Saccharospirillaceae,,
53,3eef12286c142030d497dc480cc49332,1.77467237,1.786884509,-0.012212139,1.686435811,308.5274722,317.6609631,306.418897,-0.228296497,-0.228296497,-0.228296497,FALSE,1.796334671,1.795020785,-0.001313886,Chemostat,Multi,4,chemo_carb,Bacteria,Bacteroidetes,Bacteroidia,Cytophagales,Spirosomaceae,Dyadobacter,
54,3fa2974b1f70109275811beb1ae321c9,1.778208569,1.764464714,0.013743855,1.417954571,308.3943055,317.6616955,310.7964655,0.256325291,0.256325291,0.256325291,TRUE,1.781107196,1.787033441,0.005926245,Chemostat,Multi,3,chemo_carb,Bacteria,Proteobacteria,Alphaproteobacteria,Rhizobiales,Xanthobacteraceae,Pseudoxanthobacter,Ambiguous_taxa
55,3fc227a79c6a108319409a05f87103f3,1.786796287,1.78233734,0.004458946,1.631982615,308.5004634,317.6611116,309.2722516,0.083314178,0.083314178,0.083314178,TRUE,1.790987752,1.781253819,-0.009733934,Batch,Single,1,batch_glu,Bacteria,Bacteroidetes,Rhodothermia,Rhodothermales,Rhodothermaceae,uncultured,uncultured Cytophaga sp.
56,448ee48054e6edfd36e703a6baecc8a8,1.816893895,1.776827737,0.040066158,1.566004082,308.467738,317.6612916,315.4234586,0.748179279,0.748179279,0.748179279,TRUE,1.785176267,1.81748702,0.032310753,Batch,Single,8,batch_glu,Bacteria,Proteobacteria,Gammaproteobacteria,Betaproteobacteriales,Chitinibacteraceae,Deefgea,Ambiguous_taxa
57,4744c03db226d903293f9342f292e94d,1.786122383,1.773967383,0.012155,1.531750807,308.4507484,317.6613851,310.5642139,0.226909397,0.226909397,0.226909397,TRUE,1.783552321,1.78504001,0.001487689,Batch,Multi,3,batch_carb,Bacteria,Bacteroidetes,Bacteroidia,Flavobacteriales,Crocinitomicaceae,Fluviicola,
58,4744c03db226d903293f9342f292e94d,1.782098691,1.774197453,0.007901238,1.534505942,308.4521149,317.6613776,309.8257803,0.147503745,0.147503745,0.147503745,TRUE,1.786030437,1.778208982,-0.007821455,Batch,Single,3,batch_glu,Bacteria,Bacteroidetes,Bacteroidia,Flavobacteriales,Crocinitomicaceae,Fluviicola,
59,4800a9c596272fb238a316d893b0871e,1.787925162,1.773832508,0.014092654,1.530135653,308.4499473,317.6613895,310.9005047,0.263077807,0.263077807,0.263077807,TRUE,1.779702197,1.782023834,0.002321637,Batch,Single,3,batch_glu,Bacteria,Bacteroidetes,Bacteroidia,Sphingobacteriales,NS11-12 marine group,,
60,4964f339e90a20437a19d7ec3bcd8a1a,1.784294089,1.770734565,0.013559525,1.493037202,308.4315465,317.6614907,310.7933827,0.253044951,0.253044951,0.253044951,TRUE,1.779250793,1.787013681,0.007762887,Batch,Multi,4,batch_carb,Bacteria,Bacteroidetes,Bacteroidia,Cytophagales,Cyclobacteriaceae,uncultured,
61,4964f339e90a20437a19d7ec3bcd8a1a,1.79920558,1.776337628,0.022867951,1.560134942,308.4648269,317.6613076,312.4358956,0.427004734,0.427004734,0.427004734,TRUE,1.789525433,1.796340967,0.006815535,Batch,Single,4,batch_glu,Bacteria,Bacteroidetes,Bacteroidia,Cytophagales,Cyclobacteriaceae,uncultured,
62,4d65f65496c3d0238ebf74738245e526,1.790366998,1.773802178,0.016564821,1.529772445,308.4497671,317.6613905,311.3302547,0.30922656,0.30922656,0.30922656,TRUE,1.782532816,1.791047405,0.008514588,Batch,Multi,2,batch_carb,Bacteria,Bacteroidetes,Bacteroidia,Flavobacteriales,Cryomorphaceae,uncultured,
63,4d65f65496c3d0238ebf74738245e526,1.797325955,1.774210046,0.023115909,1.534656744,308.4521897,317.6613771,312.4709658,0.431538412,0.431538412,0.431538412,TRUE,1.784804113,1.79105065,0.006246537,Batch,Single,2,batch_glu,Bacteria,Bacteroidetes,Bacteroidia,Flavobacteriales,Cryomorphaceae,uncultured,
64,50db42495de3aa6b40560c8c73e032d5,1.76421546,1.765184586,-0.000969126,1.426575167,308.3985813,317.661672,308.2292635,-0.018075637,-0.018075637,-0.018075637,FALSE,1.781100266,1.764631082,-0.016469184,Batch,Single,3,batch_glu,Bacteria,Actinobacteria,Actinobacteria,PeM15,uncultured bacterium,uncultured bacterium,uncultured bacterium
65,520c7e89d0c7c72e7d85eed29aaedb70,1.768716055,1.766357699,0.002358357,1.440623414,308.4055492,317.6616337,308.8173176,0.043991893,0.043991893,0.043991893,TRUE,1.78512343,1.758150461,-0.026972969,Chemostat,Multi,1,chemo_carb,Bacteria,Planctomycetes,OM190,,,,
66,55ce73379b753a6d229a4febc0b1362d,1.799583735,1.77424078,0.025342955,1.535024787,308.4523723,317.6613761,312.8582538,0.473115436,0.473115436,0.473115436,TRUE,1.786616189,1.794986302,0.008370113,Batch,Single,2,batch_glu,Bacteria,Bacteroidetes,Bacteroidia,Flavobacteriales,Flavobacteriaceae,,
67,55ce73379b753a6d229a4febc0b1362d,1.790627177,1.793241544,-0.002614367,1.762562503,308.565231,317.6607554,308.1153737,-0.048909584,-0.048909584,-0.048909584,FALSE,1.791732581,1.789142759,-0.002589823,Batch,Multi,2,batch_carb,Bacteria,Bacteroidetes,Bacteroidia,Flavobacteriales,Flavobacteriaceae,,
68,5914e4ffa20a5fa0b95bf68e5c9777b6,1.786056596,1.776795988,0.009260608,1.565623881,308.4675494,317.6612927,310.0752732,0.17292828,0.17292828,0.17292828,TRUE,1.775313399,1.783568979,0.008255581,Batch,Single,2,batch_glu,Bacteria,Chloroflexi,Chloroflexia,Chloroflexales,Roseiflexaceae,uncultured,uncultured Roseiflexus sp.
69,5aad5881139a653bc5964f1d88d7aaee,1.772210027,1.764595218,0.00761481,1.419517374,308.3950806,317.6616913,309.725907,0.142019321,0.142019321,0.142019321,TRUE,1.77680781,1.776205194,-0.000602615,Chemostat,Multi,4,chemo_carb,Bacteria,Bacteroidetes,Bacteroidia,Cytophagales,Spirosomaceae,Dyadobacter,
70,5d2c9965718d1254c00a642f570eb604,1.76721279,1.77369042,-0.00647763,1.528434123,308.4491033,317.6613941,307.3226277,-0.120920831,-0.120920831,-0.120920831,FALSE,1.783178998,1.769274644,-0.013904354,Batch,Single,1,batch_glu,Bacteria,Proteobacteria,Deltaproteobacteria,Bdellovibrionales,Bdellovibrionaceae,OM27 clade,
71,5ed8f8f3a98e669d81b30c56825e0870,1.774118332,1.761786284,0.012332048,1.385879869,308.3783964,317.661783,310.5369653,0.229935719,0.229935719,0.229935719,TRUE,1.78276722,1.772947838,-0.009819382,Chemostat,Multi,1,chemo_carb,Bacteria,Verrucomicrobia,Verrucomicrobiae,Opitutales,Opitutaceae,Diplosphaera,uncultured Desulfococcus sp.
72,6070669b932f1826dc8b8e61495fd27c,1.781305106,1.775000008,0.006305098,1.54411669,308.4568819,317.6613513,309.5525724,0.11771617,0.11771617,0.11771617,TRUE,1.784233589,1.777807389,-0.006426199,Batch,Single,1,batch_glu,Bacteria,Planctomycetes,Planctomycetacia,Pirellulales,Pirellulaceae,uncultured,
73,6267512d7ea98a0da430e5a6f96698e6,1.787282875,1.775338338,0.011944537,1.548168249,308.4588915,317.6613403,310.5342135,0.223012417,0.223012417,0.223012417,TRUE,1.783960207,1.787047836,0.003087628,Batch,Multi,1,batch_carb,Bacteria,Actinobacteria,Actinobacteria,Frankiales,Sporichthyaceae,,
74,6267512d7ea98a0da430e5a6f96698e6,1.793655589,1.774358692,0.019296897,1.536436811,308.4530727,317.6613723,311.8076295,0.360248911,0.360248911,0.360248911,TRUE,1.787937958,1.785996475,-0.001941483,Batch,Single,1,batch_glu,Bacteria,Actinobacteria,Actinobacteria,Frankiales,Sporichthyaceae,,
75,63413adbe8227f80412e824dffac1f5a,1.769147443,1.762847601,0.006299842,1.398589333,308.3847003,317.6617484,309.4867665,0.117474838,0.117474838,0.117474838,TRUE,1.778551175,1.763311359,-0.015239815,Chemostat,Multi,2,chemo_carb,Bacteria,Bacteroidetes,Bacteroidia,Sphingobacteriales,,,
76,64223c9ef560d611f5b9e7e5e78eb7ff,1.767008315,1.798028143,-0.031019828,1.819882923,308.5936619,317.660599,303.2697618,-0.580652449,-0.580652449,-0.580652449,FALSE,1.800367072,1.768929155,-0.031437917,Batch,Single,1,batch_glu,Bacteria,Proteobacteria,,,,,
77,64edc344889f4279a1292afbe81dc043,1.781159052,1.773802597,0.007356456,1.529777462,308.4497696,317.6613905,309.7289971,0.137327875,0.137327875,0.137327875,TRUE,1.783351131,1.776548721,-0.00680241,Batch,Single,1,batch_glu,Bacteria,Proteobacteria,Alphaproteobacteria,SAR11 clade,Ambiguous_taxa,,
78,64edc344889f4279a1292afbe81dc043,1.78243253,1.772366229,0.010066302,1.512576683,308.441238,317.6614374,310.1930558,0.187886499,0.187886499,0.187886499,TRUE,1.786653525,1.779229877,-0.007423648,Batch,Multi,1,batch_carb,Bacteria,Proteobacteria,Alphaproteobacteria,SAR11 clade,Ambiguous_taxa,,
79,65a75a16ddf0882daec9e72eea3aa180,1.765953935,1.760195937,0.005757998,1.366835162,308.3689502,317.661835,309.3776946,0.107343942,0.107343942,0.107343942,TRUE,1.767591246,1.751256592,-0.016334655,Chemostat,Multi,2,chemo_carb,Bacteria,Proteobacteria,Gammaproteobacteria,Salinisphaerales,Solimonadaceae,Nevskia,
80,6650e53404090b74619be81139104295,1.751269771,1.78930577,-0.038035999,1.715430864,308.5418537,317.660884,301.9830544,-0.711250608,-0.711250608,-0.711250608,FALSE,1.805977927,1.741164462,-0.064813465,Chemostat,Multi,2,chemo_carb,Bacteria,Proteobacteria,Alphaproteobacteria,Rhizobiales,Xanthobacteraceae,Xanthobacter,
81,68262884f1021c896f8e1bf7348d773c,1.807936055,1.773208644,0.034727411,1.522664767,308.4462417,317.6614099,314.4870082,0.648239878,0.648239878,0.648239878,TRUE,1.77976013,1.807555506,0.027795376,Batch,Single,5,batch_glu,Bacteria,Bacteroidetes,Bacteroidia,Flavobacteriales,Flavobacteriaceae,Flavobacterium,
82,68262884f1021c896f8e1bf7348d773c,1.796562386,1.770814996,0.02574739,1.494000387,308.4320242,317.6614881,312.9165805,0.480496212,0.480496212,0.480496212,TRUE,1.772820401,1.80061164,0.027791239,Batch,Multi,5,batch_carb,Bacteria,Bacteroidetes,Bacteroidia,Flavobacteriales,Flavobacteriaceae,Flavobacterium,
83,6a679587c40215f64acb6b0231b57581,1.784981266,1.775759527,0.009221739,1.553212067,308.4613932,317.6613265,310.0632714,0.172183601,0.172183601,0.172183601,TRUE,1.775695137,1.782786918,0.00709178,Batch,Single,2,batch_glu,Bacteria,Planctomycetes,Planctomycetacia,Planctomycetales,Rubinisphaeraceae,uncultured,
84,6b94959874b693c3304e68c57cefd287,1.786691456,1.773844836,0.012846619,1.53028329,308.4500205,317.6613891,310.6838912,0.23981748,0.23981748,0.23981748,TRUE,1.780421037,1.786710072,0.006289036,Batch,Multi,1,batch_carb,Bacteria,Actinobacteria,Actinobacteria,Frankiales,Sporichthyaceae,Ambiguous_taxa,
85,6b94959874b693c3304e68c57cefd287,1.794994139,1.775068573,0.019925565,1.544937766,308.4572891,317.6613491,311.9197953,0.372012968,0.372012968,0.372012968,TRUE,1.788101555,1.787357043,-0.000744512,Batch,Single,1,batch_glu,Bacteria,Actinobacteria,Actinobacteria,Frankiales,Sporichthyaceae,Ambiguous_taxa,
86,6e6f306a337ba255a7f4a7f8469ff691,1.783041409,1.77353314,0.009508269,1.526550662,308.4481691,317.6613993,310.101822,0.177492248,0.177492248,0.177492248,TRUE,1.779556727,1.77983532,0.000278593,Batch,Multi,4,batch_carb,Bacteria,Proteobacteria,Gammaproteobacteria,Cellvibrionales,Cellvibrionaceae,Cellvibrio,
87,6e6f306a337ba255a7f4a7f8469ff691,1.813338389,1.774200619,0.03913777,1.534543858,308.4521338,317.6613775,315.2563973,0.730641143,0.730641143,0.730641143,TRUE,1.787735615,1.815194945,0.02745933,Batch,Single,4,batch_glu,Bacteria,Proteobacteria,Gammaproteobacteria,Cellvibrionales,Cellvibrionaceae,Cellvibrio,
88,70f086828189cd2b21299d41e077a74a,1.784336289,1.776697485,0.007638804,1.564444288,308.4669644,317.6612959,309.7931996,0.14264198,0.14264198,0.14264198,TRUE,1.793053403,1.778458601,-0.014594802,Batch,Single,4,batch_glu,Bacteria,Proteobacteria,Alphaproteobacteria,Rhodospirillales,Magnetospiraceae,uncultured,
89,710dab4db94586d934436dc307f766c9,1.79356206,1.771826439,0.021735621,1.506112608,308.4380319,317.661455,312.2217501,0.40567068,0.40567068,0.40567068,TRUE,1.776519216,1.798302554,0.021783338,Batch,Multi,4,batch_carb,Bacteria,Bacteroidetes,Bacteroidia,Flavobacteriales,Flavobacteriaceae,Flavobacterium,
90,710dab4db94586d934436dc307f766c9,1.804187602,1.77470546,0.029482142,1.540589419,308.4551324,317.661361,313.5793167,0.550414609,0.550414609,0.550414609,TRUE,1.784981702,1.799027319,0.014045618,Batch,Single,4,batch_glu,Bacteria,Bacteroidetes,Bacteroidia,Flavobacteriales,Flavobacteriaceae,Flavobacterium,
91,740d9b2ea5713119fec5849936b9128b,1.770284385,1.765789665,0.004494719,1.433821104,308.4021753,317.6616522,309.1871959,0.083838125,0.083838125,0.083838125,TRUE,1.786190283,1.765286688,-0.020903595,Chemostat,Multi,1,chemo_carb,Bacteria,Proteobacteria,Alphaproteobacteria,Sneathiellales,Sneathiellaceae,Ferrovibrio,Ambiguous_taxa
92,748289d833e671b4848c77b9443c2034,1.770982265,1.763152016,0.007830249,1.402234766,308.3865084,317.6617384,309.7560687,0.146017004,0.146017004,0.146017004,TRUE,1.77352103,1.768968775,-0.004552255,Chemostat,Multi,1,chemo_carb,Bacteria,Proteobacteria,Alphaproteobacteria,Rickettsiales,Rickettsiaceae,uncultured,
93,755afc7ffddcfd5e093ea2222f4affd6,1.78456859,1.773753378,0.010815212,1.52918806,308.4494773,317.6613921,310.3302047,0.20189376,0.20189376,0.20189376,TRUE,1.786145832,1.779343887,-0.006801944,Batch,Single,1,batch_glu,Bacteria,Verrucomicrobia,Verrucomicrobiae,Opitutales,Opitutaceae,Cephaloticoccus,uncultured bacterium
94,755afc7ffddcfd5e093ea2222f4affd6,1.785686781,1.772227885,0.013458896,1.510919992,308.4404163,317.6614419,310.7828169,0.251205357,0.251205357,0.251205357,TRUE,1.784508794,1.784348072,-0.000160722,Batch,Multi,1,batch_carb,Bacteria,Verrucomicrobia,Verrucomicrobiae,Opitutales,Opitutaceae,Cephaloticoccus,uncultured bacterium
95,7580ff42ec296410fd9b751933c26164,1.780933743,1.780108765,0.000824978,1.605295006,308.4872263,317.6611844,308.6301924,0.015410732,0.015410732,0.015410732,TRUE,1.786376004,1.781511426,-0.004864578,Batch,Multi,2,batch_carb,Bacteria,Actinobacteria,Acidimicrobiia,Microtrichales,Ilumatobacteraceae,CL500-29 marine group,
96,7580ff42ec296410fd9b751933c26164,1.779532477,1.773950702,0.005581775,1.531551048,308.4506493,317.6613856,309.4211962,0.104200335,0.104200335,0.104200335,TRUE,1.782101993,1.774839996,-0.007261998,Batch,Single,2,batch_glu,Bacteria,Actinobacteria,Acidimicrobiia,Microtrichales,Ilumatobacteraceae,CL500-29 marine group,
97,76a2e443105acc53d3461f176f38148c,1.782573888,1.773641334,0.008932554,1.527846315,308.4488118,317.6613957,310.0022463,0.166747161,0.166747161,0.166747161,TRUE,1.78266675,1.779329753,-0.003336997,Batch,Multi,4,batch_carb,Bacteria,Proteobacteria,Gammaproteobacteria,Cellvibrionales,Cellvibrionaceae,Cellvibrio,
98,76a2e443105acc53d3461f176f38148c,1.810103852,1.774931162,0.03517269,1.543292241,308.456473,317.6613536,314.5689601,0.656669367,0.656669367,0.656669367,TRUE,1.78764145,1.812559912,0.024918462,Batch,Single,4,batch_glu,Bacteria,Proteobacteria,Gammaproteobacteria,Cellvibrionales,Cellvibrionaceae,Cellvibrio,
99,788f25619c77abb69cf199dd19233eb4,1.785784389,1.780742349,0.00504204,1.612882294,308.4909896,317.6611637,309.3644589,0.094192655,0.094192655,0.094192655,TRUE,1.787592636,1.78538818,-0.002204457,Batch,Multi,1,batch_carb,Bacteria,Verrucomicrobia,Verrucomicrobiae,Opitutales,Opitutaceae,Diplosphaera,uncultured bacterium
100,788f25619c77abb69cf199dd19233eb4,1.796245537,1.77077464,0.025470896,1.493517117,308.4317845,317.6614894,312.8682802,0.475334359,0.475334359,0.475334359,TRUE,1.792042908,1.789061373,-0.002981534,Batch,Single,1,batch_glu,Bacteria,Verrucomicrobia,Verrucomicrobiae,Opitutales,Opitutaceae,Diplosphaera,uncultured bacterium
101,78c20e329a7b47d11c13171c92a1aad2,1.7540461,1.768826628,-0.014780528,1.470189309,308.4202139,317.661553,305.8430175,-0.275777968,-0.275777968,-0.275777968,FALSE,1.790170116,1.746007096,-0.04416302,Chemostat,Multi,2,chemo_carb,Bacteria,Proteobacteria,Deltaproteobacteria,Bdellovibrionales,Bdellovibrionaceae,Bdellovibrio,
102,7beab4f249af89a8aab102a03113ba62,1.809030431,1.773820168,0.035210263,1.529987882,308.449874,317.6613899,314.5725923,0.657294712,0.657294712,0.657294712,TRUE,1.7899074,1.809755578,0.019848178,Batch,Single,9,batch_glu,Bacteria,Proteobacteria,Alphaproteobacteria,Azospirillales,Azospirillaceae,Azospirillum,
103,7beab4f249af89a8aab102a03113ba62,1.781474206,1.769048679,0.012425526,1.472848409,308.4215328,317.6615458,310.5878383,0.231843051,0.231843051,0.231843051,TRUE,1.776996639,1.778002966,0.001006328,Batch,Multi,9,batch_carb,Bacteria,Proteobacteria,Alphaproteobacteria,Azospirillales,Azospirillaceae,Azospirillum,
104,7c338eeece15edbfcf8ed52c568f6fc2,1.781629347,1.778691817,0.002937531,1.588326786,308.4788101,317.6612307,308.9882665,0.054865181,0.054865181,0.054865181,TRUE,1.78644732,1.779016264,-0.007431056,Batch,Single,5,batch_glu,Bacteria,Proteobacteria,Gammaproteobacteria,OM182 clade,Ambiguous_taxa,Ambiguous_taxa,Ambiguous_taxa
105,7c338eeece15edbfcf8ed52c568f6fc2,1.783516078,1.792552423,-0.009036345,1.754310148,308.5611378,317.6607779,307.0056659,-0.169038224,-0.169038224,-0.169038224,FALSE,1.791311683,1.783430783,-0.007880899,Batch,Multi,5,batch_carb,Bacteria,Proteobacteria,Gammaproteobacteria,OM182 clade,Ambiguous_taxa,Ambiguous_taxa,Ambiguous_taxa
106,7dd273cfe05a5c5e224f299f760201cf,1.786252065,1.775398984,0.010853081,1.548894494,308.4592517,317.6613383,310.3448747,0.202635498,0.202635498,0.202635498,TRUE,1.778287905,1.785681724,0.007393819,Batch,Multi,4,batch_carb,Bacteria,Proteobacteria,Gammaproteobacteria,Pseudomonadales,Pseudomonadaceae,Pseudomonas,
107,7dd273cfe05a5c5e224f299f760201cf,1.768128604,1.794519192,-0.026390588,1.777862573,308.5728198,317.6607136,304.0348811,-0.493790061,-0.493790061,-0.493790061,FALSE,1.795924264,1.770350389,-0.025573876,Batch,Single,4,batch_glu,Bacteria,Proteobacteria,Gammaproteobacteria,Pseudomonadales,Pseudomonadaceae,Pseudomonas,
108,7e777c0f972309bbe9f7781b653b0662,1.751915583,1.766729643,-0.01481406,1.445077513,308.4077584,317.6616215,305.8217539,-0.276345998,-0.276345998,-0.276345998,FALSE,1.786585883,1.737276372,-0.049309511,Chemostat,Multi,3,chemo_carb,Bacteria,Bacteroidetes,Bacteroidia,Sphingobacteriales,NS11-12 marine group,,
109,7ebbb1e6f79a2910951c191a4bf1df66,1.765851379,1.763173806,0.002677573,1.402495702,308.3866379,317.6617377,308.8549568,0.049930975,0.049930975,0.049930975,TRUE,1.776727981,1.751513381,-0.0252146,Chemostat,Multi,4,chemo_carb,Bacteria,Proteobacteria,Gammaproteobacteria,Betaproteobacteriales,Rhodocyclaceae,Methyloversatilis,
110,801efb14d6457f799fd2becee6d07b72,1.774517765,1.763539476,0.010978289,1.406874672,308.3888098,317.6617258,310.3085749,0.204728693,0.204728693,0.204728693,TRUE,1.776170819,1.776970145,0.000799326,Chemostat,Multi,5,chemo_carb,Bacteria,Proteobacteria,Alphaproteobacteria,Rhodospirillales,Terasakiellaceae,uncultured,Aestuariispira sp.
111,8215c539c392e8fc631e1d5cddeac7da,1.768165762,1.764324274,0.003841487,1.416272776,308.3934713,317.6617001,309.0649406,0.071643431,0.071643431,0.071643431,TRUE,1.788059355,1.747369287,-0.040690068,Chemostat,Multi,3,chemo_carb,Bacteria,Bacteroidetes,Bacteroidia,Chitinophagales,Chitinophagaceae,uncultured,metagenome
112,83c246c4ed456dea2a15d054f16009b3,1.768576763,1.765813206,0.002763557,1.434103014,308.4023151,317.6616515,308.8849751,0.051547596,0.051547596,0.051547596,TRUE,1.778421452,1.76281418,-0.015607272,Chemostat,Multi,2,chemo_carb,Bacteria,Proteobacteria,Gammaproteobacteria,Betaproteobacteriales,Rhodocyclaceae,Zoogloea,
113,84ea3564fd34c5377c4305b340f0c16f,1.781911114,1.773884918,0.008026196,1.530763277,308.4502586,317.6613878,309.8458858,0.149831637,0.149831637,0.149831637,TRUE,1.779851199,1.779600309,-0.000250891,Batch,Multi,1,batch_carb,Bacteria,Proteobacteria,Alphaproteobacteria,SAR11 clade,Clade III,,
114,84ea3564fd34c5377c4305b340f0c16f,1.802414492,1.765192301,0.037222191,1.426667552,308.3986271,317.6616718,314.9017558,0.694249463,0.694249463,0.694249463,TRUE,1.810029273,1.804157884,-0.005871389,Chemostat,Multi,1,chemo_carb,Bacteria,Proteobacteria,Alphaproteobacteria,SAR11 clade,Clade III,,
115,84ea3564fd34c5377c4305b340f0c16f,1.78048564,1.773474962,0.007010678,1.525853979,308.4478236,317.6614012,309.6671406,0.130868556,0.130868556,0.130868556,TRUE,1.788062162,1.776586655,-0.011475507,Batch,Single,1,batch_glu,Bacteria,Proteobacteria,Alphaproteobacteria,SAR11 clade,Clade III,,
116,8735f92a7f18db944bc862777fbd3222,1.807232316,1.808399565,-0.001167248,1.944082637,308.655265,317.6602602,308.4560406,-0.021877919,-0.021877919,-0.021877919,FALSE,1.807214787,1.804697244,-0.002517542,Batch,Single,2,batch_glu,Bacteria,Proteobacteria,Gammaproteobacteria,Betaproteobacteriales,Burkholderiaceae,,
117,8735f92a7f18db944bc862777fbd3222,1.785641456,1.765464167,0.020177289,1.4299232,308.4002419,317.6616629,311.9249132,0.376346565,0.376346565,0.376346565,TRUE,1.769814093,1.790160245,0.020346152,Batch,Multi,2,batch_carb,Bacteria,Proteobacteria,Gammaproteobacteria,Betaproteobacteriales,Burkholderiaceae,,
118,87a918f2af94ff451dd1f9ada0c46ecb,1.761538079,1.78670669,-0.025168611,1.684306399,308.526416,317.6609689,304.1803297,-0.470498251,-0.470498251,-0.470498251,FALSE,1.790279946,1.749496282,-0.040783664,Chemostat,Multi,4,chemo_carb,Bacteria,Proteobacteria,Gammaproteobacteria,Betaproteobacteriales,Rhodocyclaceae,,
119,8b08139d6eb5d7a849dff1bd579727d7,1.790274037,1.773243778,0.01703026,1.523085502,308.4464504,317.6614087,311.4087747,0.317896822,0.317896822,0.317896822,TRUE,1.780907667,1.791039681,0.010132015,Batch,Multi,2,batch_carb,Bacteria,Proteobacteria,Gammaproteobacteria,Betaproteobacteriales,Burkholderiaceae,RS62 marine group,uncultured bacterium
120,8b08139d6eb5d7a849dff1bd579727d7,1.796091628,1.774939051,0.021152577,1.543386716,308.4565198,317.6613533,312.1325054,0.394916084,0.394916084,0.394916084,TRUE,1.792000819,1.789000663,-0.003000156,Batch,Single,2,batch_glu,Bacteria,Proteobacteria,Gammaproteobacteria,Betaproteobacteriales,Burkholderiaceae,RS62 marine group,uncultured bacterium
121,8b1b6b50ee8e9d52ac980948823b441f,1.772618534,1.76488851,0.007730024,1.423029597,308.3968227,317.6616817,309.7475681,0.144172236,0.144172236,0.144172236,TRUE,1.781882851,1.773368102,-0.008514749,Chemostat,Multi,3,chemo_carb,Bacteria,Bacteroidetes,Rhodothermia,Balneolales,Balneolaceae,uncultured bacterium,uncultured bacterium
122,8b2494a11c2f75ef0302082e2b542682,1.791925565,1.772783542,0.019142024,1.517574085,308.4437167,317.6614238,311.7742063,0.357299274,0.357299274,0.357299274,TRUE,1.778582928,1.794078884,0.015495957,Batch,Multi,2,batch_carb,Bacteria,Proteobacteria,Gammaproteobacteria,Betaproteobacteriales,Burkholderiaceae,,
123,8b2494a11c2f75ef0302082e2b542682,1.805021629,1.77427797,0.030743659,1.535470142,308.4525932,317.6613749,313.7972807,0.573940807,0.573940807,0.573940807,TRUE,1.788656672,1.801720135,0.013063463,Batch,Single,2,batch_glu,Bacteria,Proteobacteria,Gammaproteobacteria,Betaproteobacteriales,Burkholderiaceae,,
124,8d6ed6c4e133f0c9730f92c02bed365a,1.765435485,1.797482318,-0.032046833,1.81334656,308.5904199,317.6606168,303.0886436,-0.599836897,-0.599836897,-0.599836897,FALSE,1.798169356,1.75526235,-0.042907006,Chemostat,Multi,4,chemo_carb,Bacteria,Proteobacteria,Alphaproteobacteria,Rhizobiales,Rhizobiaceae,,
125,8f813280e8cc1c972cdf97b409fa6840,1.765379307,1.778988567,-0.013609261,1.591880434,308.4805727,317.661221,306.1206966,-0.254192541,-0.254192541,-0.254192541,FALSE,1.787072667,1.753903428,-0.033169239,Chemostat,Multi,2,chemo_carb,Bacteria,Verrucomicrobia,Verrucomicrobiae,Verrucomicrobiales,Verrucomicrobiaceae,Prosthecobacter,
126,9100c673ddb0128f63023d0c6d423792,1.773645309,1.772276036,0.001369273,1.511496614,308.4407023,317.6614403,308.6790058,0.025557105,0.025557105,0.025557105,TRUE,1.787315642,1.775120197,-0.012195446,Batch,Single,4,batch_glu,Bacteria,Proteobacteria,Gammaproteobacteria,Betaproteobacteriales,Burkholderiaceae,MWH-UniP1 aquatic group,
127,9176a4011d0b5a7a3fe654f25319091e,1.777093959,1.774906917,0.002187042,1.543001907,308.4563289,317.6613544,308.8364091,0.040831674,0.040831674,0.040831674,TRUE,1.789062653,1.775357918,-0.013704735,Batch,Single,2,batch_glu,Bacteria,Proteobacteria,Alphaproteobacteria,Paracaedibacterales,Paracaedibacteraceae,uncultured,uncultured bacterium
128,9176a4011d0b5a7a3fe654f25319091e,1.781262096,1.772193342,0.009068754,1.510506337,308.4402111,317.661443,310.0185764,0.169264358,0.169264358,0.169264358,TRUE,1.7831467,1.778576568,-0.004570132,Batch,Multi,2,batch_carb,Bacteria,Proteobacteria,Alphaproteobacteria,Paracaedibacterales,Paracaedibacteraceae,uncultured,uncultured bacterium
129,9255e939f667b42a03cb99246b86cb32,1.795627287,1.778161386,0.017465901,1.581974775,308.4756595,317.6612481,311.5056462,0.326197549,0.326197549,0.326197549,TRUE,1.78622577,1.794299687,0.008073918,Batch,Multi,4,batch_carb,Bacteria,Proteobacteria,Alphaproteobacteria,Rhodobacterales,Rhodobacteraceae,,
130,9255e939f667b42a03cb99246b86cb32,1.808657462,1.781981547,0.026675914,1.62772193,308.4983501,317.6611232,313.1165099,0.498412569,0.498412569,0.498412569,TRUE,1.787956342,1.809826853,0.021870511,Batch,Single,4,batch_glu,Bacteria,Proteobacteria,Alphaproteobacteria,Rhodobacterales,Rhodobacteraceae,,
131,92c0c75c6858840cbc21744f047e2a02,1.784689986,1.77509266,0.009597326,1.545226216,308.4574322,317.6613483,310.1251572,0.179183807,0.179183807,0.179183807,TRUE,1.78308621,1.78152033,-0.001565881,Batch,Multi,2,batch_carb,Bacteria,Planctomycetes,Planctomycetacia,Pirellulales,Pirellulaceae,Pirellula,uncultured organism
132,92c0c75c6858840cbc21744f047e2a02,1.785245213,1.774292557,0.010952656,1.535644833,308.4526798,317.6613745,310.3567492,0.204470965,0.204470965,0.204470965,TRUE,1.786138714,1.780522099,-0.005616615,Batch,Single,2,batch_glu,Bacteria,Planctomycetes,Planctomycetacia,Pirellulales,Pirellulaceae,Pirellula,uncultured organism
133,936f76885e2ff79dde9adf042e7d4617,1.765606665,1.75017463,0.015432035,1.246828131,308.3094268,317.6621624,311.0279223,0.287433204,0.287433204,0.287433204,TRUE,1.799947204,1.768688305,-0.031258899,Chemostat,Multi,2,chemo_carb,Bacteria,Proteobacteria,Alphaproteobacteria,Rhodospirillales,Magnetospirillaceae,Magnetospirillum,
134,97526cc3bdb30750d172ec27041d3211,1.762309706,1.757535658,0.004774048,1.334977824,308.353149,317.6619219,309.1907381,0.088978591,0.088978591,0.088978591,TRUE,1.772325066,1.748178316,-0.02414675,Chemostat,Multi,2,chemo_carb,Bacteria,Proteobacteria,Alphaproteobacteria,Reyranellales,Reyranellaceae,Reyranella,
135,98f53519513214e968c569829a1471bb,1.773201173,1.76225022,0.010950953,1.391435585,308.3811521,317.6617679,310.2974903,0.204193703,0.204193703,0.204193703,TRUE,1.785359352,1.763862798,-0.021496553,Chemostat,Multi,4,chemo_carb,Bacteria,Proteobacteria,Alphaproteobacteria,Rhizobiales,Rhizobiaceae,Allorhizobium-Neorhizobium-Pararhizobium-Rhizobium,
136,9a64f65cc4a51bc87a27dbff7ecefdd6,1.775364102,1.774553819,0.000810282,1.538773495,308.4542317,317.6613659,308.5950755,0.015127268,0.015127268,0.015127268,TRUE,1.789463665,1.773662732,-0.015800933,Batch,Single,3,batch_glu,Bacteria,Proteobacteria,Gammaproteobacteria,Betaproteobacteriales,Methylophilaceae,OM43 clade,
137,9a64f65cc4a51bc87a27dbff7ecefdd6,1.782228286,1.773876444,0.008351842,1.530661798,308.4502083,317.661388,309.9024669,0.155910606,0.155910606,0.155910606,TRUE,1.784293169,1.779175755,-0.005117414,Batch,Multi,3,batch_carb,Bacteria,Proteobacteria,Gammaproteobacteria,Betaproteobacteriales,Methylophilaceae,OM43 clade,
138,9ac9a274b64edbcb2b5e1e1c81743b51,1.771461258,1.766904277,0.00455698,1.447168794,308.4087957,317.6616158,309.2042054,0.08500877,0.08500877,0.08500877,TRUE,1.790031553,1.774309846,-0.015721706,Batch,Single,3,batch_glu,Bacteria,Bacteroidetes,Bacteroidia,Flavobacteriales,Flavobacteriaceae,Flavobacterium,
139,9af3467db68cf6063627304cecd46a65,1.807722982,1.775197597,0.032525386,1.546482847,308.4580555,317.6613449,314.1096614,0.60726151,0.60726151,0.60726151,TRUE,1.793675905,1.808503069,0.014827164,Batch,Single,5,batch_glu,Bacteria,Proteobacteria,Gammaproteobacteria,Pseudomonadales,Pseudomonadaceae,Pseudomonas,
140,9af3467db68cf6063627304cecd46a65,1.79408958,1.76940805,0.024681531,1.477151938,308.4236674,317.661534,312.7258792,0.460539686,0.460539686,0.460539686,TRUE,1.770181798,1.797372281,0.027190483,Batch,Multi,5,batch_carb,Bacteria,Proteobacteria,Gammaproteobacteria,Pseudomonadales,Pseudomonadaceae,Pseudomonas,
141,9c54c522a386d5ed75686001dae803d9,1.767993166,1.764795244,0.003197922,1.421912726,308.3962687,317.6616847,308.9551025,0.05964372,0.05964372,0.05964372,TRUE,1.775721678,1.759109465,-0.016612212,Chemostat,Multi,2,chemo_carb,Bacteria,Proteobacteria,Gammaproteobacteria,Betaproteobacteriales,Burkholderiaceae,,
142,9c886d46813a724862c055b0ed46e86d,1.78972754,1.771525454,0.018202087,1.502508246,308.4362441,317.6614649,311.6053678,0.339710824,0.339710824,0.339710824,TRUE,1.774412337,1.793322716,0.018910379,Batch,Multi,2,batch_carb,Bacteria,Bacteroidetes,Bacteroidia,Flavobacteriales,Flavobacteriaceae,NS3a marine group,marine metagenome
143,9c886d46813a724862c055b0ed46e86d,1.802887675,1.773859812,0.029027863,1.530462623,308.4501095,317.6613886,313.4976603,0.54188574,0.54188574,0.54188574,TRUE,1.789167289,1.798518915,0.009351626,Batch,Single,2,batch_glu,Bacteria,Bacteroidetes,Bacteroidia,Flavobacteriales,Flavobacteriaceae,NS3a marine group,marine metagenome
144,9cfa52be027c8fa57d197b21dd7a958c,1.781277016,1.780503181,0.000773835,1.610018218,308.489569,317.6611715,308.6236435,0.014455991,0.014455991,0.014455991,TRUE,1.786440226,1.778349098,-0.008091128,Batch,Multi,1,batch_carb,Bacteria,Actinobacteria,Actinobacteria,Frankiales,Sporichthyaceae,hgcI clade,uncultured bacterium
145,9cfa52be027c8fa57d197b21dd7a958c,1.786796694,1.773777702,0.013018992,1.529479347,308.4496218,317.6613913,310.7135486,0.243033585,0.243033585,0.243033585,TRUE,1.789526788,1.781025824,-0.008500965,Batch,Single,1,batch_glu,Bacteria,Actinobacteria,Actinobacteria,Frankiales,Sporichthyaceae,hgcI clade,uncultured bacterium
146,9e26dc7c6642e4bf724f8d376d56a973,1.768423313,1.764294279,0.004129034,1.41591358,308.3932931,317.6617011,309.1150358,0.077005933,0.077005933,0.077005933,TRUE,1.777545294,1.766640667,-0.010904627,Chemostat,Multi,2,chemo_carb,Bacteria,Proteobacteria,Alphaproteobacteria,,,,
147,a4e7c4029a5970db9ae5de9cb1b8ced9,1.783502976,1.778363328,0.005139647,1.584393077,308.476859,317.6612415,309.3683879,0.095991421,0.095991421,0.095991421,TRUE,1.787969297,1.78012866,-0.007840637,Batch,Single,1,batch_glu,Bacteria,Planctomycetes,Planctomycetacia,Pirellulales,Pirellulaceae,uncultured,
148,a51911fb468aee7787ca8edf2ad66641,1.789131692,1.773488386,0.015643306,1.526014727,308.4479033,317.6614007,311.1686118,0.292014528,0.292014528,0.292014528,TRUE,1.788155611,1.782614182,-0.005541429,Batch,Single,1,batch_glu,Bacteria,Actinobacteria,Actinobacteria,Frankiales,Sporichthyaceae,,
149,a57e8133deb4fc1a6cbeaac02d482d8f,1.763822319,1.769436787,-0.005614468,1.477496067,308.423838,317.6615331,307.4452014,-0.104762253,-0.104762253,-0.104762253,FALSE,1.785004925,1.755959771,-0.029045154,Chemostat,Multi,2,chemo_carb,Bacteria,Proteobacteria,Deltaproteobacteria,Bdellovibrionales,Bdellovibrionaceae,Bdellovibrio,
150,a60f0b4bc20e5a162b45b3d2ed7a0d6c,1.768770634,1.764048994,0.00472164,1.412976245,308.3918362,317.6617091,309.2172754,0.088055862,0.088055862,0.088055862,TRUE,1.769755756,1.752839829,-0.016915927,Chemostat,Multi,2,chemo_carb,Bacteria,Proteobacteria,Alphaproteobacteria,Caulobacterales,Caulobacteraceae,Caulobacter,
151,a6db2d87f1e7a32216e5041a1920f12e,1.766710891,1.762825334,0.003885557,1.398322686,308.3845681,317.6617491,309.0642983,0.072454866,0.072454866,0.072454866,TRUE,1.772974956,1.756165873,-0.016809083,Chemostat,Multi,2,chemo_carb,Bacteria,Proteobacteria,Deltaproteobacteria,Myxococcales,Nannocystaceae,Nannocystis,Nannocystis sp.
152,a7b57a3495513cb6d0fae02b7d400ac7,1.815896522,1.776859419,0.039037102,1.566383486,308.4679262,317.6612906,315.2448799,0.728965549,0.728965549,0.728965549,TRUE,1.790304645,1.817348813,0.027044167,Batch,Single,2,batch_glu,Bacteria,Proteobacteria,Gammaproteobacteria,Betaproteobacteriales,Burkholderiaceae,,
153,a7d9ac24cf597a17e98e400931d90089,1.762791981,1.765255471,-0.002463489,1.427424028,308.3990023,317.6616697,307.9686183,-0.045948041,-0.045948041,-0.045948041,FALSE,1.79262274,1.752456658,-0.040166082,Chemostat,Multi,5,chemo_carb,Bacteria,Proteobacteria,Gammaproteobacteria,Pseudomonadales,Moraxellaceae,Alkanindiges,
154,aca28e4f440b01d56bc951ba98270a87,1.761361264,1.786355413,-0.02499415,1.680099791,308.5243295,317.6609804,304.2075495,-0.467218299,-0.467218299,-0.467218299,FALSE,1.789747988,1.752114622,-0.037633367,Chemostat,Multi,2,chemo_carb,Bacteria,Actinobacteria,Actinobacteria,Corynebacteriales,Mycobacteriaceae,Mycobacterium,
155,acc9603a819dc23a606ac6c1b9105b6d,1.769654516,1.764542271,0.005112245,1.418883329,308.3947661,317.661693,309.2882498,0.09534498,0.09534498,0.09534498,TRUE,1.77469461,1.770589928,-0.004104682,Chemostat,Multi,3,chemo_carb,Bacteria,Proteobacteria,Gammaproteobacteria,Betaproteobacteriales,Rhodocyclaceae,,
156,ae88f77525a7096df7c0d9c6ede9f846,1.76859251,1.765036503,0.003556007,1.424801847,308.3977017,317.6616769,309.0190285,0.066323841,0.066323841,0.066323841,TRUE,1.787540886,1.759496561,-0.028044325,Chemostat,Multi,2,chemo_carb,Bacteria,Verrucomicrobia,Verrucomicrobiae,Verrucomicrobiales,Verrucomicrobiaceae,Prosthecobacter,
157,aed191bac0b1c3264208a084af848bed,1.808057623,1.7743522,0.033705423,1.536359069,308.4530341,317.6613725,314.3123781,0.629237632,0.629237632,0.629237632,TRUE,1.786078686,1.807931338,0.021852652,Batch,Single,2,batch_glu,Bacteria,Proteobacteria,Gammaproteobacteria,Betaproteobacteriales,Burkholderiaceae,,
158,aed191bac0b1c3264208a084af848bed,1.795637279,1.773101297,0.022535982,1.521379269,308.4456041,317.6614134,312.3659241,0.420663667,0.420663667,0.420663667,TRUE,1.779373033,1.797551592,0.018178559,Batch,Multi,2,batch_carb,Bacteria,Proteobacteria,Gammaproteobacteria,Betaproteobacteriales,Burkholderiaceae,,
159,aee83626bf99f96165a5c90cc9511595,1.763031178,1.787428266,-0.024397088,1.69294741,308.5307019,317.6609453,304.3194836,-0.456112911,-0.456112911,-0.456112911,FALSE,1.796400017,1.753465213,-0.042934805,Chemostat,Multi,2,chemo_carb,Bacteria,Proteobacteria,Gammaproteobacteria,Betaproteobacteriales,Burkholderiaceae,,
160,af27577de5edb10c09f7fc19b9ca45ca,1.804732037,1.774661885,0.030070152,1.5400676,308.4548735,317.6613624,313.6813818,0.561389873,0.561389873,0.561389873,TRUE,1.789688227,1.801515819,0.011827593,Batch,Single,3,batch_glu,Bacteria,Proteobacteria,Alphaproteobacteria,Rhodobacterales,Rhodobacteraceae,,
161,af27577de5edb10c09f7fc19b9ca45ca,1.76453755,1.764904509,-0.000366959,1.423221197,308.3969177,317.6616812,308.3327958,-0.006844146,-0.006844146,-0.006844146,FALSE,1.803862851,1.806957644,0.003094793,Chemostat,Multi,3,chemo_carb,Bacteria,Proteobacteria,Alphaproteobacteria,Rhodobacterales,Rhodobacteraceae,,
162,af27577de5edb10c09f7fc19b9ca45ca,1.790391485,1.773551119,0.016840365,1.526765972,308.4482759,317.6613987,311.3770788,0.314362151,0.314362151,0.314362151,TRUE,1.782350592,1.791154991,0.008804399,Batch,Multi,3,batch_carb,Bacteria,Proteobacteria,Alphaproteobacteria,Rhodobacterales,Rhodobacteraceae,,
163,afc0eeec83a181be740331928d883362,1.781474182,1.773309484,0.008164698,1.523872342,308.4468407,317.6614066,309.8669963,0.15240809,0.15240809,0.15240809,TRUE,1.786551795,1.778002939,-0.008548856,Batch,Multi,2,batch_carb,Bacteria,Actinobacteria,Acidimicrobiia,Microtrichales,Ilumatobacteraceae,CL500-29 marine group,
164,afc0eeec83a181be740331928d883362,1.780635493,1.776195286,0.004440207,1.558430361,308.4639815,317.6613123,309.2350926,0.082909086,0.082909086,0.082909086,TRUE,1.78547059,1.776438234,-0.009032356,Batch,Single,2,batch_glu,Bacteria,Actinobacteria,Acidimicrobiia,Microtrichales,Ilumatobacteraceae,CL500-29 marine group,
165,b396df71ff4bad780a6862032851bce5,1.7750302,1.768868065,0.006162135,1.470685525,308.42046,317.6615517,309.494892,0.11497479,0.11497479,0.11497479,TRUE,1.780258789,1.7729406,-0.007318189,Chemostat,Multi,4,chemo_carb,Bacteria,Proteobacteria,Gammaproteobacteria,Legionellales,Legionellaceae,Legionella,
166,b6a0ad25677cccdc5a6ada23f7e276b6,1.781881833,1.775857621,0.006024211,1.554386768,308.4619758,317.6613233,309.5083661,0.112482151,0.112482151,0.112482151,TRUE,1.79287033,1.777857646,-0.015012685,Batch,Single,1,batch_glu,Bacteria,Proteobacteria,Alphaproteobacteria,Thalassobaculales,Thalassobaculaceae,Thalassobaculum,alpha proteobacterium BAL199
167,b6a0ad25677cccdc5a6ada23f7e276b6,1.786159533,1.779288568,0.006870966,1.595472993,308.4823546,317.6612112,309.6736013,0.128339426,0.128339426,0.128339426,TRUE,1.78465169,1.784427881,-0.000223809,Batch,Multi,1,batch_carb,Bacteria,Proteobacteria,Alphaproteobacteria,Thalassobaculales,Thalassobaculaceae,Thalassobaculum,alpha proteobacterium BAL199
168,b7a2bc450146ff938fb3354ecc36444a,1.772969283,1.793735913,-0.02076663,1.768482662,308.5681674,317.6607392,304.9957793,-0.388524904,-0.388524904,-0.388524904,FALSE,1.792191302,1.771972157,-0.020219145,Batch,Single,2,batch_glu,Bacteria,Proteobacteria,Gammaproteobacteria,Betaproteobacteriales,Methylophilaceae,Ambiguous_taxa,
169,bca82bc447bbd86d4a6a93e596e3aabd,1.768143289,1.790624589,-0.0224813,1.731223974,308.5496871,317.6608409,304.6758443,-0.420451177,-0.420451177,-0.420451177,FALSE,1.790041323,1.775641911,-0.014399412,Batch,Multi,3,batch_carb,Bacteria,Bacteroidetes,Bacteroidia,Flavobacteriales,NS9 marine group,,
170,bca82bc447bbd86d4a6a93e596e3aabd,1.772377368,1.776072615,-0.003695247,1.556961356,308.4632528,317.6613163,307.8214727,-0.068998047,-0.068998047,-0.068998047,FALSE,1.783673227,1.775067614,-0.008605613,Batch,Single,3,batch_glu,Bacteria,Bacteroidetes,Bacteroidia,Flavobacteriales,NS9 marine group,,
171,bd217e3552c0912e166951d39a120601,1.79224087,1.774954566,0.017286304,1.54357251,308.456612,317.6613528,311.4606747,0.322733757,0.322733757,0.322733757,TRUE,1.78477121,1.788112919,0.003341709,Batch,Single,2,batch_glu,Bacteria,Proteobacteria,Alphaproteobacteria,Rhizobiales,Devosiaceae,,
172,bd217e3552c0912e166951d39a120601,1.794914627,1.774484935,0.020429692,1.537948591,308.4538225,317.6613682,312.0050596,0.381401807,0.381401807,0.381401807,TRUE,1.782045009,1.799317999,0.01727299,Batch,Multi,2,batch_carb,Bacteria,Proteobacteria,Alphaproteobacteria,Rhizobiales,Devosiaceae,,
173,be45460bb19ae26f588454f3dd7388ec,1.781900545,1.777927468,0.003973077,1.579173572,308.4742701,317.6612557,309.1636075,0.074200321,0.074200321,0.074200321,TRUE,1.795315721,1.776945297,-0.018370424,Batch,Single,4,batch_glu,Bacteria,Proteobacteria,Gammaproteobacteria,Betaproteobacteriales,Burkholderiaceae,MWH-UniP1 aquatic group,
174,be9d6317e49313c0a8885815491ce6f0,1.790216408,1.773775838,0.016440569,1.529457024,308.4496107,317.6613913,311.308533,0.306906242,0.306906242,0.306906242,TRUE,1.782669164,1.79102837,0.008359205,Batch,Multi,3,batch_carb,Bacteria,Proteobacteria,Alphaproteobacteria,Rhodobacterales,Rhodobacteraceae,,
175,be9d6317e49313c0a8885815491ce6f0,1.80581744,1.774922049,0.030895391,1.543183117,308.4564188,317.6613539,313.825602,0.576812223,0.576812223,0.576812223,TRUE,1.789782741,1.80275029,0.012967549,Batch,Single,3,batch_glu,Bacteria,Proteobacteria,Alphaproteobacteria,Rhodobacterales,Rhodobacteraceae,,
176,c1aff5b39b852ad01c74231c921af653,1.75267628,1.76222589,-0.00954961,1.39114423,308.3810075,317.6617687,306.709872,-0.17806356,-0.17806356,-0.17806356,FALSE,1.772779507,1.75756662,-0.015212887,Chemostat,Multi,2,chemo_carb,Bacteria,Proteobacteria,Gammaproteobacteria,Betaproteobacteriales,Methylophilaceae,Methylovorus,
177,c1d9eada909d2d5dbe078f25f1038508,1.754988412,1.751960217,0.003028195,1.268210874,308.3200326,317.6621041,308.8529517,0.056411169,0.056411169,0.056411169,TRUE,1.76719127,1.751840812,-0.015350458,Chemostat,Multi,3,chemo_carb,Bacteria,Proteobacteria,Gammaproteobacteria,Betaproteobacteriales,Burkholderiaceae,,
178,c36646fabf5978777e0e7b08044e9568,1.784394404,1.775056325,0.009338079,1.544791094,308.4572164,317.6613495,310.0799242,0.174342956,0.174342956,0.174342956,TRUE,1.787655757,1.779601153,-0.008054603,Batch,Single,1,batch_glu,Bacteria,Verrucomicrobia,Verrucomicrobiae,Pedosphaerales,Pedosphaeraceae,,
179,c4e16e2ca85ff9eb360fd895f75227ca,1.786890356,1.775016372,0.011873983,1.544312649,308.4569791,317.6613508,310.520404,0.221687644,0.221687644,0.221687644,TRUE,1.784725677,1.781452487,-0.00327319,Batch,Single,3,batch_glu,Bacteria,Planctomycetes,Planctomycetacia,Isosphaerales,Isosphaeraceae,uncultured,
180,c4e16e2ca85ff9eb360fd895f75227ca,1.787018906,1.774503862,0.012515045,1.538175241,308.4539349,317.6613676,310.6293682,0.233643754,0.233643754,0.233643754,TRUE,1.7813329,1.785609757,0.004276857,Batch,Multi,3,batch_carb,Bacteria,Planctomycetes,Planctomycetacia,Isosphaerales,Isosphaeraceae,uncultured,
181,c52287a7efd223c578b51937b849bf91,1.789176859,1.77354697,0.015629889,1.526716285,308.4482513,317.6613988,311.1665395,0.291765837,0.291765837,0.291765837,TRUE,1.781595069,1.788668123,0.007073054,Batch,Multi,3,batch_carb,Bacteria,Proteobacteria,Alphaproteobacteria,Rhodobacterales,Rhodobacteraceae,,
182,c52287a7efd223c578b51937b849bf91,1.809373994,1.774009226,0.035364768,1.532251881,308.4509969,317.6613837,314.5999492,0.660191932,0.660191932,0.660191932,TRUE,1.790412198,1.806990665,0.016578467,Batch,Single,3,batch_glu,Bacteria,Proteobacteria,Alphaproteobacteria,Rhodobacterales,Rhodobacteraceae,,
183,c530fa2c576c67ce632ce34474b8ea71,1.78813257,1.774386182,0.013746388,1.536766007,308.4532359,317.6613714,310.8428611,0.256628591,0.256628591,0.256628591,TRUE,1.781000545,1.787595887,0.006595342,Batch,Multi,1,batch_carb,Bacteria,Verrucomicrobia,Verrucomicrobiae,Pedosphaerales,Pedosphaeraceae,,
184,c530fa2c576c67ce632ce34474b8ea71,1.790456065,1.774751576,0.015704489,1.541141662,308.4554063,317.6613595,311.1848782,0.293195179,0.293195179,0.293195179,TRUE,1.788697563,1.784432187,-0.004265376,Batch,Single,1,batch_glu,Bacteria,Verrucomicrobia,Verrucomicrobiae,Pedosphaerales,Pedosphaeraceae,,
185,c56ae4705fd5cf31ed0b25fa86e22ed6,1.791941412,1.772740563,0.019200849,1.517059408,308.4434615,317.6614252,311.7842642,0.358395705,0.358395705,0.358395705,TRUE,1.778308639,1.794014686,0.015706046,Batch,Multi,2,batch_carb,Bacteria,Proteobacteria,Gammaproteobacteria,Betaproteobacteriales,Burkholderiaceae,,
186,c56ae4705fd5cf31ed0b25fa86e22ed6,1.804785156,1.774326464,0.030458692,1.536050873,308.4528812,317.6613733,313.7478883,0.56862374,0.56862374,0.56862374,TRUE,1.788035793,1.801183034,0.013147241,Batch,Single,2,batch_glu,Bacteria,Proteobacteria,Gammaproteobacteria,Betaproteobacteriales,Burkholderiaceae,,
187,c67744b93c1aac731ad718596675f25e,1.753119278,1.761965513,-0.008846235,1.388026167,308.379461,317.6617772,306.8311917,-0.164944221,-0.164944221,-0.164944221,FALSE,1.760443129,1.744900136,-0.015542992,Chemostat,Multi,1,chemo_carb,Bacteria,Proteobacteria,Alphaproteobacteria,Caulobacterales,Hyphomonadaceae,Hyphomonas,
188,c69352f1a000317323fd8841f1007691,1.762309026,1.766217494,-0.003908468,1.438944439,308.4047164,317.6616383,307.7222466,-0.072906089,-0.072906089,-0.072906089,FALSE,1.781184509,1.753603922,-0.027580588,Chemostat,Multi,4,chemo_carb,Bacteria,Proteobacteria,Alphaproteobacteria,Rhizobiales,Rhizobiaceae,Allorhizobium-Neorhizobium-Pararhizobium-Rhizobium,
189,c9eeb9179e405b1fd7846a8aefb864d1,1.785314749,1.782424121,0.002890628,1.63302183,308.5009788,317.6611088,309.0012872,0.054011109,0.054011109,0.054011109,TRUE,1.797811346,1.7809881,-0.016823246,Batch,Single,3,batch_glu,Bacteria,Bacteroidetes,Bacteroidia,Flavobacteriales,Crocinitomicaceae,Salinirepens,Ambiguous_taxa
190,ca2b23c1b70c9034ea6412255f88eb7f,1.769616302,1.762772067,0.006844235,1.397684799,308.3842517,317.6617508,309.5816011,0.127625355,0.127625355,0.127625355,TRUE,1.782138963,1.75860918,-0.023529783,Chemostat,Multi,2,chemo_carb,Bacteria,Proteobacteria,Deltaproteobacteria,Bdellovibrionales,Bacteriovoracaceae,Bacteriovorax,Ambiguous_taxa
191,cf3381318906e1e08f58bca905636dc0,1.774511766,1.764771542,0.009740224,1.421628893,308.3961279,317.6616855,310.0982448,0.181662286,0.181662286,0.181662286,TRUE,1.779608813,1.779349423,-0.00025939,Chemostat,Multi,4,chemo_carb,Bacteria,Proteobacteria,Alphaproteobacteria,Rhizobiales,Rhizobiaceae,Allorhizobium-Neorhizobium-Pararhizobium-Rhizobium,
192,cfb98993000a7864ecd250723d57b8db,1.79495564,1.774393029,0.020562611,1.536847999,308.4532766,317.6613712,312.0277975,0.383879593,0.383879593,0.383879593,TRUE,1.78659601,1.788458789,0.001862778,Batch,Single,3,batch_glu,Bacteria,Bacteroidetes,Bacteroidia,Sphingobacteriales,NS11-12 marine group,,
193,cfb98993000a7864ecd250723d57b8db,1.788017601,1.773735678,0.014281923,1.528976093,308.4493721,317.6613926,310.9329724,0.266608355,0.266608355,0.266608355,TRUE,1.783407612,1.788186294,0.004778682,Batch,Multi,3,batch_carb,Bacteria,Bacteroidetes,Bacteroidia,Sphingobacteriales,NS11-12 marine group,,
194,d1e7069c930bb4790713681f06f84cf0,1.792254749,1.772844878,0.019409871,1.518308597,308.4440811,317.6614218,311.82106,0.362301119,0.362301119,0.362301119,TRUE,1.779200638,1.796200255,0.016999616,Batch,Multi,6,batch_carb,Bacteria,Proteobacteria,Gammaproteobacteria,Alteromonadales,Alteromonadaceae,Rheinheimera,
195,d1e7069c930bb4790713681f06f84cf0,1.807038326,1.774446999,0.032591327,1.537494302,308.4535972,317.6613694,314.1189746,0.608444882,0.608444882,0.608444882,TRUE,1.782944521,1.804798885,0.021854364,Batch,Single,6,batch_glu,Bacteria,Proteobacteria,Gammaproteobacteria,Alteromonadales,Alteromonadaceae,Rheinheimera,
196,d295b9a63b6148b9f4663819da1c914b,1.768186056,1.764238031,0.003948025,1.415239991,308.392959,317.6617029,309.0830831,0.073629741,0.073629741,0.073629741,TRUE,1.777019283,1.761700345,-0.015318938,Chemostat,Multi,2,chemo_carb,Bacteria,Proteobacteria,Gammaproteobacteria,Betaproteobacteriales,Burkholderiaceae,,
197,d2af52fc6f48ab4d05c96dad9527d8a2,1.778421553,1.766809517,0.011612036,1.44603402,308.4082329,317.6616189,310.4351902,0.216616177,0.216616177,0.216616177,TRUE,1.78059919,1.782131175,0.001531985,Chemostat,Multi,2,chemo_carb,Bacteria,Actinobacteria,Actinobacteria,Micrococcales,Microbacteriaceae,,
198,d4cc0a095dd016823ef8c5ad567c91fd,1.789423051,1.774228641,0.01519441,1.534879419,308.4523002,317.6613765,311.0938711,0.28365677,0.28365677,0.28365677,TRUE,1.782308968,1.789960744,0.007651776,Batch,Multi,3,batch_carb,Bacteria,Bacteroidetes,Bacteroidia,Flavobacteriales,Cryomorphaceae,uncultured,
199,d4cc0a095dd016823ef8c5ad567c91fd,1.795821026,1.774224249,0.021596776,1.534826832,308.4522741,317.6613767,312.2069149,0.403179129,0.403179129,0.403179129,TRUE,1.786598039,1.788282362,0.001684323,Batch,Single,3,batch_glu,Bacteria,Bacteroidetes,Bacteroidia,Flavobacteriales,Cryomorphaceae,uncultured,
200,d52d14abfccb539e79068c89454cbbbd,1.769616297,1.79821891,-0.028602613,1.822167384,308.594795,317.6605928,303.6862617,-0.535417648,-0.535417648,-0.535417648,FALSE,1.801600992,1.770814996,-0.030785995,Batch,Single,5,batch_glu,Bacteria,Epsilonbacteraeota,Campylobacteria,Campylobacterales,Arcobacteraceae,Arcobacter,
201,d56e5ac31cfe9e5dea7d4a63d13f1232,1.788757499,1.773961526,0.014795973,1.531680673,308.4507136,317.6613853,311.0233897,0.276210873,0.276210873,0.276210873,TRUE,1.789642382,1.784168051,-0.005474331,Batch,Single,3,batch_glu,Bacteria,Bacteroidetes,Bacteroidia,Flavobacteriales,,,
202,d56e5ac31cfe9e5dea7d4a63d13f1232,1.791762686,1.773404141,0.018358545,1.525005883,308.4474029,317.6614035,311.6404966,0.342697063,0.342697063,0.342697063,TRUE,1.779234345,1.789903225,0.01066888,Batch,Multi,3,batch_carb,Bacteria,Bacteroidetes,Bacteroidia,Flavobacteriales,,,
203,d5b23bb0b75b67df5ecd5ad44760b312,1.787401108,1.773806469,0.013594639,1.529823835,308.4497926,317.6613903,310.8137842,0.253780315,0.253780315,0.253780315,TRUE,1.781677023,1.786339025,0.004662003,Batch,Multi,2,batch_carb,Bacteria,Bacteroidetes,Bacteroidia,Chitinophagales,Saprospiraceae,uncultured,uncultured Sphingobacteriales bacterium
204,d5b23bb0b75b67df5ecd5ad44760b312,1.78880597,1.77566639,0.01313958,1.55209674,308.46084,317.6613296,310.7433892,0.245333112,0.245333112,0.245333112,TRUE,1.786902759,1.782719307,-0.004183452,Batch,Single,2,batch_glu,Bacteria,Bacteroidetes,Bacteroidia,Chitinophagales,Saprospiraceae,uncultured,uncultured Sphingobacteriales bacterium
205,d5c62883f6e56836e55aefb9a15623a5,1.771251366,1.765014447,0.006236919,1.424537726,308.3975707,317.6616776,309.4873355,0.116325833,0.116325833,0.116325833,TRUE,1.78248721,1.768878885,-0.013608325,Chemostat,Multi,9,chemo_carb,Bacteria,Proteobacteria,Alphaproteobacteria,Elsterales,Elsteraceae,Elstera,Ambiguous_taxa
206,d5eb9156cd0592eb1cd773db88550ef3,1.767431247,1.795134376,-0.027703129,1.785229519,308.5764738,317.6606935,303.8144159,-0.518386889,-0.518386889,-0.518386889,FALSE,1.795987271,1.769460687,-0.026526584,Batch,Single,2,batch_glu,Bacteria,Proteobacteria,Gammaproteobacteria,Methylococcales,Methylococcaceae,Methyloparacoccus,
207,d94c20c00db235bb6fccc68f06f100c7,1.766791957,1.761363222,0.005428735,1.380813621,308.3758836,317.6617969,309.3263353,0.101216758,0.101216758,0.101216758,TRUE,1.790802687,1.752685606,-0.038117081,Chemostat,Multi,2,chemo_carb,Bacteria,Proteobacteria,Alphaproteobacteria,Rhodospirillales,Magnetospirillaceae,Magnetospirillum,
208,dc3835d12dc9edc210bddff9c66bf356,1.793618301,1.77286171,0.020756591,1.518510171,308.444181,317.6614212,312.0554327,0.387439421,0.387439421,0.387439421,TRUE,1.778713448,1.794672967,0.015959519,Batch,Multi,2,batch_carb,Bacteria,Bacteroidetes,Bacteroidia,Chitinophagales,Saprospiraceae,Candidatus Aquirestis,
209,dc3835d12dc9edc210bddff9c66bf356,1.795753995,1.77529822,0.020455775,1.547687833,308.4586532,317.6613416,312.0128508,0.381921243,0.381921243,0.381921243,TRUE,1.786905728,1.789242206,0.002336477,Batch,Single,2,batch_glu,Bacteria,Bacteroidetes,Bacteroidia,Chitinophagales,Saprospiraceae,Candidatus Aquirestis,
210,de05e9f7072b8da3d4f510900a0b870a,1.764921363,1.796919605,-0.031998242,1.806607964,308.5870775,317.6606352,303.0919826,-0.598886551,-0.598886551,-0.598886551,FALSE,1.797243681,1.749861861,-0.04738182,Chemostat,Multi,1,chemo_carb,Bacteria,Proteobacteria,Alphaproteobacteria,,,,
211,e177a451db2600efdeb8bde47ef88671,1.813774093,1.77445099,0.039323104,1.537542088,308.4536209,317.6613693,315.2891738,0.734120191,0.734120191,0.734120191,TRUE,1.774605172,1.812899063,0.03829389,Batch,Single,5,batch_glu,Bacteria,Bacteroidetes,Bacteroidia,Flavobacteriales,Flavobacteriaceae,Flavobacterium,
212,e33c5576113465ae725d3993fc43738e,1.755416774,1.764182934,-0.00876616,1.414580194,308.3926318,317.6617047,306.8602401,-0.16348595,-0.16348595,-0.16348595,FALSE,1.776888983,1.748689767,-0.028199216,Chemostat,Multi,1,chemo_carb,Bacteria,Proteobacteria,Gammaproteobacteria,Xanthomonadales,Xanthomonadaceae,,
213,e416d0916760d2fc17b616e2ac3ad855,1.769735044,1.764098028,0.005637016,1.413563431,308.3921275,317.6617075,309.3775667,0.105127597,0.105127597,0.105127597,TRUE,1.776861193,1.766028253,-0.01083294,Chemostat,Multi,2,chemo_carb,Bacteria,Proteobacteria,Gammaproteobacteria,Betaproteobacteriales,Methylophilaceae,Methylotenera,
214,e416d0916760d2fc17b616e2ac3ad855,1.785578769,1.77374994,0.011828829,1.529146888,308.4494569,317.6613922,310.5064525,0.220815446,0.220815446,0.220815446,TRUE,1.783373082,1.783867341,0.000494259,Batch,Multi,2,batch_carb,Bacteria,Proteobacteria,Gammaproteobacteria,Betaproteobacteriales,Methylophilaceae,Methylotenera,
215,e416d0916760d2fc17b616e2ac3ad855,1.777238306,1.77771079,-0.000472484,1.576578809,308.4729831,317.6612628,308.3909964,-0.008823808,-0.008823808,-0.008823808,FALSE,1.796538334,1.775052742,-0.021485591,Batch,Single,2,batch_glu,Bacteria,Proteobacteria,Gammaproteobacteria,Betaproteobacteriales,Methylophilaceae,Methylotenera,
216,e4278f7eb9e1d1595866d1c4440c78c9,1.790571251,1.771722753,0.018848498,1.504870944,308.437416,317.6614584,311.718732,0.351782088,0.351782088,0.351782088,TRUE,1.774101395,1.795334709,0.021233314,Batch,Multi,7,batch_carb,Bacteria,Bacteroidetes,Bacteroidia,Flavobacteriales,Flavobacteriaceae,Flavobacterium,
217,e4278f7eb9e1d1595866d1c4440c78c9,1.806857803,1.773702701,0.033155102,1.528581189,308.4491763,317.6613937,314.2148911,0.618922032,0.618922032,0.618922032,TRUE,1.784807435,1.805271596,0.020464161,Batch,Single,7,batch_glu,Bacteria,Bacteroidetes,Bacteroidia,Flavobacteriales,Flavobacteriaceae,Flavobacterium,
218,e50cc2a3da1dd7fd34ca4daba09a32ad,1.776982807,1.763413965,0.013568842,1.40537165,308.3880643,317.6617299,310.7610005,0.253035582,0.253035582,0.253035582,TRUE,1.756979534,1.775042329,0.018062795,Chemostat,Multi,1,chemo_carb,Bacteria,Proteobacteria,Alphaproteobacteria,Rhodospirillales,uncultured,metagenome,metagenome
219,e61c5d15739059361f8ac80a09a88441,1.761113258,1.764812057,-0.003698799,1.422114064,308.3963686,317.6616842,307.7500129,-0.068985576,-0.068985576,-0.068985576,FALSE,1.781096413,1.746039677,-0.035056736,Chemostat,Multi,3,chemo_carb,Bacteria,Bacteroidetes,Bacteroidia,Cytophagales,Cytophagaceae,Cytophaga,uncultured Bacteroidetes bacterium
220,e657907312415da47ee5d5a4796a675a,1.763182661,1.762810288,0.000372372,1.398142508,308.3844787,317.6617496,308.4496212,0.0069437,0.0069437,0.0069437,FALSE,1.773166268,1.749509846,-0.023656422,Chemostat,Multi,2,chemo_carb,Bacteria,Proteobacteria,Deltaproteobacteria,Bdellovibrionales,Bdellovibrionaceae,Bdellovibrio,uncultured bacterium
221,e6c8443214bca5d5809bbb0c5644af52,1.787412658,1.780673507,0.006739151,1.6120579,308.4905807,317.661166,309.6580966,0.125896221,0.125896221,0.125896221,TRUE,1.787423829,1.786712001,-0.000711829,Batch,Multi,5,batch_carb,Bacteria,Bacteroidetes,Bacteroidia,Flavobacteriales,Flavobacteriaceae,Flavobacterium,
222,e6c8443214bca5d5809bbb0c5644af52,1.79324835,1.775176706,0.018071644,1.546232672,308.4579314,317.6613456,311.5980932,0.33740384,0.33740384,0.33740384,TRUE,1.787900037,1.786920343,-0.000979694,Batch,Single,5,batch_glu,Bacteria,Bacteroidetes,Bacteroidia,Flavobacteriales,Flavobacteriaceae,Flavobacterium,
223,e739dae8872120bd9c58ff3f4afc28b3,1.764412397,1.759980868,0.004431529,1.364259668,308.3676728,317.661842,309.1441245,0.082613467,0.082613467,0.082613467,TRUE,1.776136519,1.758460306,-0.017676213,Chemostat,Multi,1,chemo_carb,Bacteria,Proteobacteria,Deltaproteobacteria,Bdellovibrionales,Bdellovibrionaceae,Bdellovibrio,Bdellovibrionales bacterium RIFCSPHIGHO2_01_FULL_40_29
224,e747694a818ae82e58f977992c196fd0,1.788070991,1.772983558,0.015087432,1.519969325,308.4449048,317.6614172,311.0696565,0.281623292,0.281623292,0.281623292,TRUE,1.779543665,1.78751088,0.007967215,Batch,Multi,1,batch_carb,Bacteria,Proteobacteria,Alphaproteobacteria,Thalassobaculales,Thalassobaculaceae,Thalassobaculum,alpha proteobacterium BAL199
225,e747694a818ae82e58f977992c196fd0,1.786183178,1.776110802,0.010072376,1.557418655,308.4634797,317.6613151,310.212785,0.188073218,0.188073218,0.188073218,TRUE,1.792732128,1.780136256,-0.012595872,Batch,Single,1,batch_glu,Bacteria,Proteobacteria,Alphaproteobacteria,Thalassobaculales,Thalassobaculaceae,Thalassobaculum,alpha proteobacterium BAL199
226,eb2625c1474f98f554b002fcd5d1088e,1.795976628,1.771577049,0.024399579,1.50312611,308.4365506,317.6614632,312.6845859,0.455378814,0.455378814,0.455378814,TRUE,1.775277573,1.797230148,0.021952575,Batch,Multi,3,batch_carb,Bacteria,Bacteroidetes,Bacteroidia,Cytophagales,Spirosomaceae,Flectobacillus,
227,eb2625c1474f98f554b002fcd5d1088e,1.817294468,1.774930039,0.042364429,1.543278789,308.4564663,317.6613536,315.8187746,0.79093808,0.79093808,0.79093808,TRUE,1.775624147,1.81826813,0.042643983,Batch,Single,3,batch_glu,Bacteria,Bacteroidetes,Bacteroidia,Cytophagales,Spirosomaceae,Flectobacillus,
228,efbe1f58b1e2984ddc53a64f047d94ff,1.81044064,1.77681148,0.03362916,1.565809398,308.4676415,317.6612922,314.3059129,0.62797629,0.62797629,0.62797629,TRUE,1.78099406,1.811500107,0.030506047,Batch,Single,8,batch_glu,Bacteria,Proteobacteria,Gammaproteobacteria,Betaproteobacteriales,Burkholderiaceae,Janthinobacterium,
229,efbe1f58b1e2984ddc53a64f047d94ff,1.780884573,1.763664146,0.017220427,1.408367611,308.3895503,317.6617217,311.4006678,0.321139116,0.321139116,0.321139116,TRUE,1.775660248,1.79487082,0.019210572,Chemostat,Multi,8,chemo_carb,Bacteria,Proteobacteria,Gammaproteobacteria,Betaproteobacteriales,Burkholderiaceae,Janthinobacterium,
230,f1e34308d952529287ada31976faec95,1.771693097,1.761524725,0.010168371,1.382747652,308.3768428,317.6617916,310.1569429,0.189588442,0.189588442,0.189588442,TRUE,1.770318664,1.76909524,-0.001223424,Chemostat,Multi,2,chemo_carb,Bacteria,Bacteroidetes,Bacteroidia,Cytophagales,Microscillaceae,OLB12,
231,fb2dab56bf8047ade734c2fceccb49e4,1.780098848,1.773140589,0.006958259,1.521849795,308.4458375,317.6614121,309.6562582,0.129885567,0.129885567,0.129885567,TRUE,1.783028982,1.776168515,-0.006860467,Batch,Single,1,batch_glu,Bacteria,Proteobacteria,Alphaproteobacteria,SAR11 clade,Clade III,,
232,fb800d4d7cd0a8e0da07b414fcf21b8c,1.803452831,1.77455631,0.028896521,1.538803319,308.4542464,317.6613658,313.4770539,0.539473006,0.539473006,0.539473006,TRUE,1.784821794,1.799608502,0.014786707,Batch,Single,3,batch_glu,Bacteria,Bacteroidetes,Bacteroidia,Cytophagales,Cyclobacteriaceae,Algoriphagus,uncultured Hongiella sp.
233,fb800d4d7cd0a8e0da07b414fcf21b8c,1.797562617,1.771618855,0.025943762,1.503626746,308.4367989,317.6614618,312.9535779,0.484200575,0.484200575,0.484200575,TRUE,1.774394194,1.800350821,0.025956626,Batch,Multi,3,batch_carb,Bacteria,Bacteroidetes,Bacteroidia,Cytophagales,Cyclobacteriaceae,Algoriphagus,uncultured Hongiella sp.
234,fd3acdbb6eaf9e3669c9f303a6fa0b28,1.810100313,1.774382465,0.035717849,1.536721487,308.4532139,317.6613715,314.6622953,0.666809185,0.666809185,0.666809185,TRUE,1.774472871,1.809001253,0.034528382,Batch,Single,6,batch_glu,Bacteria,Proteobacteria,Gammaproteobacteria,Alteromonadales,Alteromonadaceae,Rheinheimera,
235,fecd0294f7ecdb7bc5c54d01e9f541f0,1.78962611,1.775619404,0.014006706,1.551534066,308.4605609,317.6613311,310.8938056,0.261522202,0.261522202,0.261522202,TRUE,1.779875634,1.781456637,0.001581003,Batch,Single,1,batch_glu,Bacteria,Actinobacteria,Thermoleophilia,Gaiellales,uncultured,,
236,ffd660f96ba6668b2d8d86fc4e150862,1.794859029,1.774401833,0.020457196,1.536953428,308.4533289,317.6613709,312.0095078,0.381911968,0.381911968,0.381911968,TRUE,1.787062311,1.787530008,0.000467697,Batch,Single,2,batch_glu,Bacteria,Bacteroidetes,Bacteroidia,Sphingobacteriales,env.OPS 17,,
237,ffd660f96ba6668b2d8d86fc4e150862,1.76420941,1.747016134,0.017193276,1.209004554,308.2906663,317.6622656,311.3247117,0.320151348,0.320151348,0.320151348,TRUE,1.774164554,1.756931662,-0.017232892,Chemostat,Multi,2,chemo_carb,Bacteria,Bacteroidetes,Bacteroidia,Sphingobacteriales,env.OPS 17,,
238,ffd660f96ba6668b2d8d86fc4e150862,1.781663309,1.774070171,0.007593139,1.532981709,308.4513589,317.6613817,309.7715513,0.141750137,0.141750137,0.141750137,TRUE,1.785132991,1.778820376,-0.006312615,Batch,Multi,2,batch_carb,Bacteria,Bacteroidetes,Bacteroidia,Sphingobacteriales,env.OPS 17,,